Rank,State,Part Group,Material Code,Material Description,Total Quantity in State,Total Sales Value in State,State Market Share (%)
1,Haryana,AC GAS,ZF04N260123AC,R134A GAS CAN,812.0,48427613.0,60.19
2,Rajasthan,LUBES,ZF04N216677GM,EP - 90 Gear Fluid 26 ltr,1096.0,5842845.9,93.78
3,Punjab,BRAKE PARTS,ZF047126167GM,CALIPER ASSEMBLY RH (H43/2),1126.0,3448035.16,58.54
4,Gujarat,BRAKE PARTS,ZF04L688207GM,"PAD KIT,  Frt",3698.0,3344123.84,54.88
5,Punjab,BRAKE PARTS,ZF047126127GM,CALIPER ASSEMBLY LH (R)(H42/2),1023.0,3115831.37,57.01
6,Rajasthan,LUBES,ZF04N65848AST,2W ENGINE OIL BOTTLE 20W40 (4T) (900 ml),2575.0,2152019.1,53.95
7,Punjab,LUBES,ZF04N187507GM,EP - 90 Gear Fluid 500 ml,786.0,1952354.25,74.9
8,Rajasthan,LUBES,ZF04N445957GM,Engine Oil 2W 20W40 4T,3221.0,1647230.28,85.23
9,Maharashtra,EMS,ZF04N261775IC,IGNITION COIL,1524.0,1571663.95,50.95
10,Rajasthan,LUBES,ZF04N438637GM,ENGINE OIL BOTTLE 20W40 (4T),1456.0,1212059.42,87.83
11,Assam,BRAKE PARTS,ZF04L707227GM,Shoe Kit M_HAWK / Safari,879.0,1204861.15,60.49
12,Assam,BRAKE PARTS,ZF86AB71457GM,PAD WINGER NEW (NEW)(I31/8),975.0,911002.7,51.51
13,Kerala,OTHERS,ZF04L927687GM,SHOCK ABS OIL 350ml,2664.0,864357.67,65.67
14,Rajasthan,LUBES,ZF04N438657GM,2W ENGINE OIL BOTTLE 10W30 (4T) (1LTR),684.0,648698.22,92.26
15,Kerala,BRAKE PARTS,ZF047167857GM,WC S/A PENGUINE RR(K51/100),1866.0,619331.96,65.2
16,Telangana,BRAKE PARTS,ZF04N129287TG,ROTOR (MAX PASSENGER),745.0,514642.46,58.62
17,Maharashtra,SUSPENSION,ZF04N330985SK,SHOCK ABSORBER  FORTU_NER RR/ RL,258.0,449794.9,51.6
18,Jammu and Kashmir,LUBES,ZF047979327GM,RADIATOR COOLANT 1 LTR. (Antifreeze),232.0,438529.30000000005,79.4
19,Chhattisgarh,OTHERS,ZF04N139417GM,Power Steering Fluid 5L,497.0,429949.52,54.46
20,Assam,BRAKE PARTS,ZF86AB76027GM,SHOE KIT,710.0,413454.48,61.24
21,Kerala,BRAKE PARTS,ZF86AB75037GM,REPAIR KIT ADJ.RH(J74/250),3000.0,395376.33,60.1
22,Kerala,BRAKE PARTS,ZF86AB75047GM,REPAIR KIT ADJ. LH(J75/250),2892.0,348328.58999999997,56.45
23,Maharashtra,BRAKE PARTS,ZF047144987GM,HOSE ASSY FRONT BRAKE (437mm),251.0,304814.77,93.46
24,Karnataka,BRAKE PARTS,ZF86AB75657GM,PAD KIT (I55/20),499.0,290758.22,69.1
25,Gujarat,BRAKE PARTS,ZF04L906347TW,SHOE KIT 2W,116.0,282677.85,72.79
26,Rajasthan,LUBES,ZF04N66581AST,GEAR OIL BOTTLE (85W140) (5 ltr),156.0,272735.76,62.34
27,Gujarat,LUBES,ZF04N56543KIT,4W ENGINE OIL 5W40 SN (3.5 LTR),116.0,268686.0,74.07
28,Chandigarh,SUSPENSION,ZF04N222875SK,SHOCK ABSORBER INN_OVA CRYSTA FRT RH,50.0,249275.0,86.21
29,Chandigarh,SUSPENSION,ZF04N222885SK,SHOCK ABSORBER INN_OVA CRYSTA FRT LH,50.0,249275.0,86.21
30,Madhya Pradesh,LUBES,ZF04N58723KIT,GEAR OIL 75W90 GL 4 (1 LTR),232.0,239481.0,73.74
31,Rajasthan,LUBES,ZF04N66497AST,GREEN COOLANT BOTTLE (3 ltr),700.0,232183.64,53.37
32,Rajasthan,LUBES,ZF04N445967GM,2W ENGINE OIL BOTTLE 10W30 (4T) (900 ml),921.0,229616.2,97.52
33,Tamil Nadu,BRAKE PARTS,ZF047163517GM,SHOE RETURN SPRING UPPER,2839.0,208370.89,89.86
34,Delhi,BRAKE PARTS,ZF047138657GM,BACKPLATE ASSLY FRT,166.0,205502.77000000002,54.62
35,Delhi,BRAKE PARTS,ZF047068707GM,BRAKE RR LH ALFA(F4/4),149.0,204513.53999999998,62.89
36,Delhi,BRAKE PARTS,ZF047068717GM,BRAKE RR RH ALFA(H38/4),146.0,200410.31999999998,69.21
37,Uttar Pradesh,LUBES,ZF04N508057GM,4W ENGINE OIL BOTTLE 5W30 (2.5 LTR),296.0,197231.1,68.18
38,Telangana,BRAKE PARTS,ZF04N307067TG,ROTOR,210.0,194695.28,86.63
39,Rajasthan,LUBES,ZF04N58724KIT,GEAR OIL 75W90 GL 4 (2.5 LTR),258.0,192052.08000000002,66.02
40,Tamil Nadu,BRAKE PARTS,ZF86AB78237GM,PAD KIT MINOR HM (I68/20),230.0,146527.71,52.83
41,Chhattisgarh,LUBES,ZF04N503597GM,RADIATOR COOLANT GREEN 3 LTR,500.0,139900.8,64.37
42,Delhi,EMS,ZF04N261945IC,IGNITION COIL,215.0,122639.47,99.54
43,Jammu and Kashmir,LUBES,ZF047979357GM,RADIATOR COOLANT 3 LTR. (Antifreeze),116.0,121492.8,100.0
44,Chhattisgarh,OTHERS,ZF04N187557GM,Power Steering Fluid 3L,234.0,113899.5,63.93
45,Kerala,BRAKE PARTS,ZF047155427GM,BLEEDER SCREW,3012.0,112633.98,80.22
46,Assam,BRAKE PARTS,ZF04N643337TG,Rotor (Xe_non 4x4),72.0,111442.02,90.0
47,Gujarat,LUBES,ZF04N56541KIT,4W ENGINE OIL 5W40 SN (1 LTR),146.0,110725.89,100.0
48,Maharashtra,EMS,ZF04N261825IC,IGNITION COIL,78.0,110139.7,70.27
49,Jammu and Kashmir,LUBES,ZF047979347GM,RADIATOR COOLANT 20 LTR. (Antifreeze),50.0,102801.6,100.0
50,Delhi,BRAKE PARTS,ZF04N460487GM,SHOE KIT WITH SPRING HARRIER,60.0,101566.13999999998,53.44
51,Rajasthan,LUBES,ZF04N66964AST,GREEN COOLANT BARREL (210 ltr),9.0,98479.25,68.89
52,Gujarat,EMS,ZF04N322445FP,Fuel Pump Module Ecco,45.0,98229.68000000001,64.29
53,Maharashtra,LUBES,ZF047494947GM,RADIATOR COOLANT 500ML,348.0,95491.5,77.96
54,Bihar,BRAKE PARTS,ZF86AB77167GM,MINOR KIT W/C(J99/100),650.0,94143.12,55.18
55,Delhi,BRAKE PARTS,ZF04L93970KIT,TMC ASSY Vikram,111.0,93650.7,100.0
56,Chhattisgarh,LUBES,ZF04N503627GM,RADIATOR COOLANT GREEN 5 LTR,240.0,89208.0,67.13
57,Tamil Nadu,BRAKE PARTS,ZF047143457GM,SPRING SHOE RETURN ANCHOR PT(G58/400),2250.0,88243.37,67.04
58,Rajasthan,BRAKE PARTS,ZF04L906307TW,SHOE KIT 2W,776.0,87622.09,56.67
59,Tamil Nadu,BRAKE PARTS,ZF047163537GM,STRUT SPRING LH,1868.0,87445.67,88.11
60,Maharashtra,SUSPENSION,ZF04N330995SK,SHOCK ABSORBER INNO_VA RR/RL,46.0,79878.44,52.75
61,Telangana,BRAKE PARTS,ZF04N543737TG,Rotor Dost+,80.0,75957.53,50.76
62,Telangana,BRAKE PARTS,ZF047156257GM,STRUTASSY. LH,305.0,74015.53,57.19
63,Tamil Nadu,EMS,ZF04N261815IC,IGNITION COIL,49.0,68588.98,65.33
64,West Bengal,BRAKE PARTS,ZF86AB77507GM,LINING KIT RAUS SPARE STD.(I64/10),67.0,67100.23,56.8
65,Chhattisgarh,LUBES,ZF047494887GM,RADIATOR COOLANT 20 LTR.,44.0,66421.26,80.0
66,Madhya Pradesh,BRAKE PARTS,ZF04N599537TC,Brake Pad_Tru Blue CERAMIC,51.0,64336.729999999996,58.96
67,Maharashtra,EMS,ZF04N263335FP,IN-TANK FUEL PUMP,58.0,62058.06,62.37
68,Gujarat,BRAKE PARTS,ZF047145017GM,HOSE ASSY FRONT (556mm),300.0,61893.83,55.4
69,Tamil Nadu,BRAKE PARTS,ZF047163557GM,STRUT SPRING RH,1229.0,56847.74,95.32
70,Assam,OTHERS,ZF04N336404RL,12V Musical Flasher,232.0,55484.54,100.0
71,Maharashtra,EMS,ZF04N261805IC,IGNITION COIL,38.0,51209.53,77.55
72,Tamil Nadu,BRAKE PARTS,ZF86AB78327GM,MINOR KIT W/C RR. (20.64 mm),356.0,46228.63,64.9
73,Karnataka,BRAKE PARTS,ZF86AB72877GM,SHOE KIT(I35/2),36.0,46129.65,62.46
74,Madhya Pradesh,BRAKE PARTS,ZF04N604617TB,Brake Pad_Tru Blue,27.0,42699.65,63.97
75,Maharashtra,BRAKE PARTS,ZF86AB74157GM,SHOE KIT(I42/20),187.0,42503.14,53.71
76,Delhi,BRAKE PARTS,ZF047116677GM,AUTO ADJ ASSLY REAR LH,170.0,41916.55,60.55
77,Gujarat,BRAKE PARTS,ZF04L90341KIT,PUSH ROD COMP ASSY,964.0,40781.39,53.81
78,Delhi,BRAKE PARTS,ZF047116667GM,AUTO ADJ ASSLY REAR RH,165.0,40727.7,57.81
79,Kerala,LUBES,ZF04N223277GM,GEAR OIL 80W90 (3 LTR),78.0,38320.86,51.32
80,Gujarat,OTHERS,ZF04N21352AFL,AIR FILTER-IAM SUPER SPLENDOR HERO,464.0,34692.0,98.04
81,Tamil Nadu,EMS,ZF04N261855IC,IGNITION COIL,26.0,34539.54,76.47
82,Delhi,EMS,ZF04N263435FP,IN-TANK FUEL PUMP,10.0,34238.89,100.0
83,Maharashtra,BRAKE PARTS,ZF86AB71477GM,"SLIDING PIN KIT, TWIN POT(NEW)(J33/250)",120.0,34181.780000000006,90.74
84,Orissa,BRAKE PARTS,ZF047156307GM,AUTO ADJ ASSLY FR ALFA,153.0,34027.19,83.7
85,Maharashtra,BRAKE PARTS,ZF86AB78717GM,MINOR KIT W/C,390.0,32835.28,87.62
86,Maharashtra,BRAKE PARTS,ZF043182587GM,STRUT ASSY RH,100.0,32264.74,67.62
87,Chhattisgarh,LUBES,ZF04N66507AST,RED COOLANT BOTTLE (5 ltr),104.0,31858.11,89.66
88,Karnataka,BRAKE PARTS,ZF86AB74197GM,KIT SLIDING PIN(J63/100),156.0,29560.18,61.06
89,Tamil Nadu,BRAKE PARTS,ZF047484117GM,SHOE HOLD DOWN KIT(J6/250),436.0,29483.480000000003,72.91
90,Maharashtra,EMS,ZF04N606525IC,IGNITION COIL,24.0,29452.8,88.89
91,Assam,BRAKE PARTS,ZF047156237GM,STRUT ASSY.RH,120.0,29360.76,78.17
92,Maharashtra,EMS,ZF04N261975IC,IGNITION COIL,12.0,28311.52,54.55
93,Tamil Nadu,EMS,ZF04N261915IC,IGNITION COIL,21.0,27897.32,72.41
94,Maharashtra,BRAKE PARTS,ZF86AB74447GM,"MAJOR KIT CALIPER, TWIN POT(OLD)(J67/25)",30.0,27749.35,100.0
95,Orissa,BRAKE PARTS,ZF04N601147TB,Brake Pad_Tru Blue,20.0,27335.88,64.52
96,Maharashtra,EMS,ZF04N262035IC,IGNITION COIL,20.0,26967.72,100.0
97,Tamil Nadu,BRAKE PARTS,ZF86AB77427GM,MINOR KIT CALIPER TWIN POT(J105/25),53.0,26951.63,56.81
98,Delhi,BRAKE PARTS,ZF04N651897TG,ROTOR_SAFARI STROME 4x4,12.0,26912.5,100.0
99,Tamil Nadu,BRAKE PARTS,ZF86AB72807GM,MINOR KIT CALIPER(j41/100),126.0,26714.61,58.29
100,Assam,BRAKE PARTS,ZF86AB74487GM,AUTO ADJUSTER WITH THERMAL CLIP RH,26.0,26323.44,72.02
101,Madhya Pradesh,BRAKE PARTS,ZF04N601597TB,Brake Pad_Tru Blue,20.0,25679.18,52.73
102,Madhya Pradesh,OTHERS,ZF04N25260AFL,A/F APE BS4,199.0,25403.04,100.0
103,Maharashtra,BRAKE PARTS,ZF04N601027TC,Brake Pad_Tru Blue CERAMIC,12.0,24214.59,64.11
104,Madhya Pradesh,BRAKE PARTS,ZF04N603057TB,Brake Pad_Tru Blue,26.0,23796.93,67.71
105,Maharashtra,BRAKE PARTS,ZF043189807GM,D/Br.assly RH ( P.Van )(H34/2),6.0,23437.99,74.23
106,Maharashtra,BRAKE PARTS,ZF04L929867TG,Rotor (Maximo Pick up),39.0,22473.06,53.87
107,Gujarat,BRAKE PARTS,ZF04N603347TB,Brake Pad_Tru Blue,19.0,22466.21,60.12
108,Madhya Pradesh,BRAKE PARTS,ZF04N643467TG,Rotor (Cre_ta),18.0,21992.94,90.0
109,Maharashtra,BRAKE PARTS,ZF04N603627TB,Brake Pad_Tru Blue,17.0,21918.57,55.09
110,Jammu and Kashmir,LUBES,ZF047979367GM,RADIATOR COOLANT 5LTR   (Antifreeze),40.0,21027.6,100.0
111,Assam,BRAKE PARTS,ZF04L67470KIT,MAJOR KIT TMC OMNI KIT508,70.0,20724.34,87.5
112,Orissa,BRAKE PARTS,ZF043182827GM,REAR BRAKEASSY. LH(H15/4),10.0,19604.51,63.15
113,Delhi,BRAKE PARTS,ZF047098017GM,REAR BR. ASSLY LH(H40/4),15.0,19512.48,100.0
114,Telangana,BRAKE PARTS,ZF047068697GM,BRAKE FRONT ALFA(H36/3),9.0,18948.74,89.24
115,Maharashtra,BRAKE PARTS,ZF04N603137TB,Brake Pad_Tru Blue,20.0,18929.58,62.77
116,Telangana,BRAKE PARTS,ZF04N543787TG,Rotor Sup_erb/ Kodi_aq,8.0,18898.88,66.67
117,Kerala,BRAKE PARTS,ZF86AB75147GM,"MAJOR KIT,DISC BRAKE(J79/25)",49.0,18749.35,76.7
118,Maharashtra,EMS,ZF04N262445IC,IGNITION COIL,7.0,18528.41,100.0
119,Tamil Nadu,BRAKE PARTS,ZF04N222667TG,ROTOR (ISUZU),20.0,18408.0,90.66
120,Delhi,BRAKE PARTS,ZF04L67479KIT,"MAJOR KIT TMC,IAM GC 1000",60.0,18315.96,100.0
121,Assam,EMS,ZF04N571705FP,FUEL PUMP MODULE SANT_RO XING,5.0,17648.67,56.7
122,Gujarat,BRAKE PARTS,ZF047810277GM,MAJOR KIT W/C,67.0,17575.04,100.0
123,Bihar,BRAKE PARTS,ZF043188947GM,AUTO ADJUSTER SUB ASSEMBLY RH -L PUNCH,67.0,17426.239999999998,90.16
124,Chhattisgarh,LUBES,ZF047494907GM,RADIATOR COOLANT 5LTR,44.0,17133.6,100.0
125,Tamil Nadu,BRAKE PARTS,ZF86AB73877GM,MINOR KIT W/C(J57/250),349.0,16661.54,100.0
126,Madhya Pradesh,BRAKE PARTS,ZF04N599707TC,Brake Pad_Tru Blue CERAMIC,8.0,16108.550000000001,56.71
127,Maharashtra,BRAKE PARTS,ZF047144867GM,HOSE FRONT BRAKE (272mm),142.0,16079.859999999999,76.89
128,Maharashtra,BRAKE PARTS,ZF04N599477TB,Brake Pad_Tru Blue,13.0,15993.48,76.45
129,Telangana,BRAKE PARTS,ZF04N307247TG,ROTOR (AS_IRE),16.0,15671.35,66.67
130,Madhya Pradesh,BRAKE PARTS,ZF047139077GM,REAR BRAKE ASSY RH,11.0,15411.33,85.53
131,Rajasthan,BRAKE PARTS,ZF04L808657GM,Back Plate Assy RH,20.0,15033.2,62.5
132,Maharashtra,BRAKE PARTS,ZF04N632547TG,Rotor (Bada_Dost),8.0,14714.14,80.0
133,Madhya Pradesh,BRAKE PARTS,ZF047139067GM,REAR BRAKE ASSY LH,10.0,14620.54,84.87
134,Kerala,EMS,ZF04N264725SS,WHEEL SPEED SENSORS,21.0,14367.44,53.85
135,Maharashtra,EMS,ZF04N261925IC,IGNITION COIL,14.0,13852.019999999999,63.64
136,Punjab,BRAKE PARTS,ZF04L81865KIT,TMC Assy w/o Reservoir,15.0,13806.0,78.95
137,Chhattisgarh,BRAKE PARTS,ZF04L705767GM,"KIT PAD ONE WHEE, REAR W201(I25/8)",15.0,13806.0,93.75
138,Gujarat,BRAKE PARTS,ZF047171467GM,Caliper Assy LH (W201) Frt,2.0,13772.25,62.58
139,Madhya Pradesh,BRAKE PARTS,ZF04N58826NIS,HONDA ACTIVA NEW (F&R),90.0,13694.86,90.0
140,Maharashtra,BRAKE PARTS,ZF04N43146NIL,CYLINDER SET MASTER,70.0,13690.960000000001,87.5
141,Tamil Nadu,BRAKE PARTS,ZF86AB77417GM,MAJOR KIT CALIPER TWIN POT(J104/25),13.0,13640.32,61.18
142,Madhya Pradesh,BRAKE PARTS,ZF04N651977TG,ROTOR ENDEA_VOUR 3rd GEN FRT,4.0,13539.08,100.0
143,Maharashtra,BRAKE PARTS,ZF04N605117TC,Brake Pad_Tru Blue CERAMIC,9.0,13450.05,75.44
144,Telangana,BRAKE PARTS,ZF04L919597TW,Vespa- PAD KIT,166.0,13345.82,81.63
145,Assam,OTHERS,ZF04N336434RL,12V METAL HORN RELAY - 3T,307.0,13287.75,100.0
146,Orissa,BRAKE PARTS,ZF04N605037TC,Brake Pad_Tru Blue CERAMIC,10.0,13192.4,71.79
147,Punjab,BRAKE PARTS,ZF04N171477GM,PAD KIT,16.0,13135.12,51.56
148,Maharashtra,BRAKE PARTS,ZF047139657GM,carier Assy Frt LH 207,12.0,13002.99,92.02
149,Maharashtra,BRAKE PARTS,ZF047139637GM,Carrier Assy Frt RH 207,12.0,13002.99,100.0
150,Delhi,BRAKE PARTS,ZF043182837GM,BACK PLATE LH(H16/8),21.0,12966.14,88.59
151,Madhya Pradesh,BRAKE PARTS,ZF04N643447TG,Rotor (Eli_te),10.0,12900.94,50.0
152,Orissa,BRAKE PARTS,ZF04N605257TC,Brake Pad_Tru Blue CERAMIC,7.0,12885.6,70.0
153,Karnataka,BRAKE PARTS,ZF04N601577TB,Brake Pad_Tru Blue,6.0,12788.96,54.55
154,Madhya Pradesh,BRAKE PARTS,ZF04N603017TB,Brake Pad_Tru Blue,12.0,12747.57,60.0
155,Maharashtra,BRAKE PARTS,ZF04N600457TC,Brake Pad_Tru Blue CERAMIC,6.0,12540.46,51.19
156,Maharashtra,BRAKE PARTS,ZF86AB74977GM,MINOR KIT W/C(J72/250),200.0,12379.980000000001,54.9
157,Karnataka,BRAKE PARTS,ZF04L71191KIT,MINOR KIT TMC,20.0,12364.04,66.67
158,Maharashtra,BRAKE PARTS,ZF04N543727TG,Rotor Safa_ri II Gen,6.0,12356.380000000001,72.58
159,Kerala,EMS,ZF04N264695SS,WHEEL SPEED SENSORS,18.0,12314.939999999999,58.06
160,Madhya Pradesh,BRAKE PARTS,ZF04N648537TG,ROTOR_ENDEAVOUR (3RD GEN) RR,5.0,12199.13,100.0
161,Gujarat,BRAKE PARTS,ZF04L688377GM,"PAD KIT, IAM TOYOTA COROLLA",7.0,12183.029999999999,78.0
162,Madhya Pradesh,BRAKE PARTS,ZF04N643377TG,ROTOR_XUV 700 RR,8.0,12057.24,57.14
163,Rajasthan,BRAKE PARTS,ZF043182807GM,REAR BRAKEASSY. RH(H13/4),7.0,11929.9,58.33
164,Maharashtra,BRAKE PARTS,ZF04N603307TB,Brake Pad_Tru Blue,15.0,11907.68,71.9
165,West Bengal,EMS,ZF04N262215IC,IGNITION COIL,4.0,11633.86,100.0
166,Maharashtra,BRAKE PARTS,ZF04N643347TG,Rotor (Maxi_mo ),14.0,11544.88,58.68
167,Haryana,BRAKE PARTS,ZF04N651927TG,ROTOR_VENUE,8.0,11523.4,78.43
168,Rajasthan,BRAKE PARTS,ZF04N167377TG,ROTOR (M-Hawk Without Sensor LH),8.0,11505.04,78.55
169,Kerala,OTHERS,ZF04N25447AFL,A/F Kit -Ashok Leyland U truck,5.0,11505.0,100.0
170,Madhya Pradesh,BRAKE PARTS,ZF04N601457TB,Brake Pad_Tru Blue,10.0,11379.220000000001,55.07
171,Tamil Nadu,BRAKE PARTS,ZF043184747GM,"SPRING, PAD",304.0,11368.470000000001,85.35
172,Rajasthan,OTHERS,ZF04N21353AFL,A/F Tata Ace (Elliptical),50.0,11328.0,100.0
173,Jharkhand,EMS,ZF04N261835IC,IGNITION COIL,12.0,11274.9,57.14
174,Madhya Pradesh,BRAKE PARTS,ZF04N598757TC,Brake Pad_Tru Blue CERAMIC,5.0,10381.35,62.5
175,Uttar Pradesh,BRAKE PARTS,ZF047145137GM,HOSE ASSY FRONT BRAKE (640mm),42.0,10340.69,87.5
176,Maharashtra,BRAKE PARTS,ZF86AB74257GM,Liner Kit STD.(I44/20),9.0,10168.119999999999,60.0
177,Assam,BRAKE PARTS,ZF86AB74477GM,AUTO ADJUSTER WITH THERMAL CLIP LH,10.0,10124.4,51.85
178,Maharashtra,BRAKE PARTS,ZF86AB77257GM,MINOR KIT W/C(J102/250),60.0,10007.82,55.69
179,Maharashtra,BRAKE PARTS,ZF043189567GM,3/C RR DIA 19.05(K28/20),26.0,9951.060000000001,100.0
180,Haryana,BRAKE PARTS,ZF04N651937TG,ROTOR_VERNA 5TH GEN (2020- NOW),8.0,9731.7,66.67
181,Tamil Nadu,BRAKE PARTS,ZF86AB73827GM,MAJOR KIT W/C RR (J55/250),50.0,9625.85,100.0
182,Orissa,EMS,ZF04N571715FP,FUEL PUMP MODULE I_10,2.0,9605.91,66.67
183,Goa,BRAKE PARTS,ZF043180047GM,"BRAKE HOSE ASSLY; FRONT, SCORPIO",39.0,9597.42,59.02
184,Maharashtra,BRAKE PARTS,ZF04N605657TB,Brake Pad_Tru Blue,14.0,9513.86,100.0
185,Tamil Nadu,BRAKE PARTS,ZF047140137GM,PIN SHOE SET,750.0,9510.8,58.73
186,Jammu and Kashmir,BRAKE PARTS,ZF04N603737TB,Brake Pad_Tru Blue,10.0,9472.45,51.23
187,Madhya Pradesh,BRAKE PARTS,ZF04N602027TB,Brake Pad_Tru Blue,8.0,9363.52,72.02
188,Gujarat,BRAKE PARTS,ZF04L962077TW,PAD  KIT,200.0,9357.4,52.63
189,Bihar,BRAKE PARTS,ZF047144907GM,BRAKE HOSE ASSY  (REAR)(370mm),50.0,9204.0,59.73
190,Orissa,BRAKE PARTS,ZF04N632127TG,ROTOR_CARENS RR,8.0,8983.1,55.55
191,Chhattisgarh,LUBES,ZF047494927GM,RADIATOR COOLANT 3 LTR.,38.0,8902.98,100.0
192,Tamil Nadu,BRAKE PARTS,ZF04N602387TB,Brake Pad_Tru Blue,6.0,8900.26,54.54
193,Karnataka,BRAKE PARTS,ZF86AB73147GM,KBX  PAD KIT,21.0,8891.07,100.0
194,Andra Pradesh,BRAKE PARTS,ZF04N543797TG,Rotor D-Max Pick_Up,4.0,8863.46,66.0
195,Maharashtra,BRAKE PARTS,ZF047156227GM,STRUT ASSY.LH,34.0,8553.580000000002,88.31
196,Assam,BRAKE PARTS,ZF043182607GM,STRUT ASSY LH,25.0,8475.36,60.98
197,Andra Pradesh,BRAKE PARTS,ZF86AB78287GM,MAJOR KIT W/C RR. (22.22 mm),20.0,8252.92,100.0
198,Orissa,BRAKE PARTS,ZF04L81966KIT,"RESERVOIR ASSY, PVPL APE-501 IAM",50.0,8191.56,72.55
199,West Bengal,BRAKE PARTS,ZF86AB77247GM,MAJOR KIT W/C(J101/100),25.0,8168.55,100.0
200,Maharashtra,EMS,ZF04N264835SS,WHEEL SPEED SENSORS,9.0,8111.05,50.0
201,Karnataka,BRAKE PARTS,ZF86AB70377GM,KIT LINING BT O/S (I30/20),26.0,8096.45,89.65
202,Maharashtra,BRAKE PARTS,ZF04L906327TW,SHOE KIT 2W,100.0,8053.5,100.0
203,Maharashtra,BRAKE PARTS,ZF047149347GM,W/C ASSLY. RR(Ø 25.4),20.0,8022.82,66.67
204,Maharashtra,BRAKE PARTS,ZF043189507GM,W/C ASSLY. FRONT DIA 25.4,21.0,8005.19,70.0
205,Chandigarh,BRAKE PARTS,ZF04L973507GM,MINOR KIT FOR CALIPER,39.0,7986.77,52.7
206,Maharashtra,BRAKE PARTS,ZF043189697GM,CALIPER ASSEMBLY (R808) RH(H31/2),2.0,7902.6,100.0
207,Assam,OTHERS,ZF04N336414RL,24V Musical Flasher,116.0,7895.62,100.0
208,West Bengal,BRAKE PARTS,ZF042146357GM,ADJUSTER LEVER LH,200.0,7831.08,52.71
209,Rajasthan,BRAKE PARTS,ZF86AB72627GM,MINOR KIT W/C FRT.(J37/250),120.0,7823.42,75.0
210,Bihar,BRAKE PARTS,ZF04L921057GM,Auto Adjuster LH,41.0,7798.860000000001,100.0
211,Kerala,BRAKE PARTS,ZF04N196317GM,SHOE KIT (Kingz_S),48.0,7795.78,50.38
212,Manipur,BRAKE PARTS,ZF04N651947TG,ROTOR_HECTOR PETROL RR,4.0,7633.18,100.0
213,Chandigarh,BRAKE PARTS,ZF043184067GM,"BOOT,PIN",120.0,7593.3,87.77
214,Rajasthan,BRAKE PARTS,ZF04N600537TC,Brake Pad_Tru Blue CERAMIC,6.0,7590.259999999999,58.85
215,Telangana,BRAKE PARTS,ZF041008687GM,Service kit; Pads Toyota 130L BEAM,4.0,7527.34,100.0
216,Himachal Pradesh,BRAKE PARTS,ZF04L808647GM,Back Plate Assy LH,10.0,7516.6,71.01
217,Maharashtra,BRAKE PARTS,ZF047144887GM,HOSE REAR BRAKE (368mm),45.0,7388.33,100.0
218,Himachal Pradesh,BRAKE PARTS,ZF04N648527TG,ROTOR_GLANZA,6.0,7354.0,50.0
219,Gujarat,BRAKE PARTS,ZF04N43147NIL,CYLINDER SET MASTER,35.0,7140.7699999999995,56.8
220,Madhya Pradesh,BRAKE PARTS,ZF043189647GM,HOSE FRONT,41.0,7032.63,70.57
221,Gujarat,EMS,ZF04N612845IC,IGNITION COIL,4.0,7013.45,100.0
222,Assam,OTHERS,ZF04N336384RL,12V UNIVERSAL FLASHER,116.0,6985.6,95.24
223,Andra Pradesh,BRAKE PARTS,ZF86AB70547GM,MAJOR KIT W/C(J28/100),25.0,6945.1900000000005,100.0
224,West Bengal,EMS,ZF04N263425FP,IN-TANK FUEL PUMP,5.0,6945.19,55.56
225,Bihar,BRAKE PARTS,ZF04L973847TG,ROTOR ( 207 DI RX),8.0,6774.910000000001,88.93
226,Maharashtra,BRAKE PARTS,ZF047480347GM,Brake Pad Kit,5.0,6711.26,55.56
227,Bihar,BRAKE PARTS,ZF047484497GM,KIT SHOE HOLD DOWN(J15/250),102.0,6680.570000000001,82.83
228,Bihar,BRAKE PARTS,ZF047126427GM,D/Br.assly LH ( LTV),3.0,6518.73,75.0
229,Maharashtra,LUBES,ZF04N66474AST,4W ENGINE OIL (5W30) (1 ltr),30.0,6405.64,50.0
230,Maharashtra,BRAKE PARTS,ZF86AB75947GM,MINOR KIT W/C(J92/250),130.0,6292.5,55.71
231,Maharashtra,BRAKE PARTS,ZF047453307GM,SERVICE KIT PAD SET TOYOTA EFC(I4/8),3.0,6261.03,60.0
232,Jammu and Kashmir,BRAKE PARTS,ZF047166047GM,SHOE RET SPG UPPER,350.0,6212.7,89.8
233,Maharashtra,EMS,ZF04N264705SS,WHEEL SPEED SENSORS,9.0,6157.46,56.25
234,Orissa,BRAKE PARTS,ZF86AB74187GM,KIT SHOE HOLD DOWN(J62/250),145.0,6147.51,64.4
235,Orissa,BRAKE PARTS,ZF047156217GM,STRUT ASSY. LH,25.0,6116.83,64.1
236,Karnataka,BRAKE PARTS,ZF047156357GM,AUTO ADJ ASSLY REAR RH,24.0,6037.84,52.6
237,Karnataka,BRAKE PARTS,ZF04N648547TG,ROTOR_GLOSTER FR,2.0,6034.76,100.0
238,Gujarat,BRAKE PARTS,ZF04N603887TB,Brake Pad_Tru Blue,6.0,5902.83,100.0
239,Rajasthan,OTHERS,ZF04N36759AFL,AIR FILTER I 20 ELITE,55.0,5899.4,84.62
240,Maharashtra,BRAKE PARTS,ZF04N643407TG,Rotor (S_Cross),4.0,5881.36,66.67
241,Karnataka,BRAKE PARTS,ZF04N171547GM,PAD KIT,8.0,5866.0,100.0
242,Delhi,BRAKE PARTS,ZF047167957GM,REAR BRAKE ASSLY RH,6.0,5757.1,60.0
243,Telangana,BRAKE PARTS,ZF04N155577TG,ROTOR (Ikon/Figo Diesel),6.0,5752.5,75.0
244,Maharashtra,BRAKE PARTS,ZF04N129237TG,ROTOR (SUMO GRAND XENANA),5.0,5708.84,100.0
245,Rajasthan,OTHERS,ZF04N25255AFL,A/F Maximo,75.0,5708.26,100.0
246,Rajasthan,OTHERS,ZF04N37384AFL,AIR FILTER BREZZA,54.0,5677.46,100.0
247,Karnataka,BRAKE PARTS,ZF04N543777TG,Rotor Lau_ra I,4.0,5602.16,100.0
248,Rajasthan,OTHERS,ZF04N18362AFL,A/F Swift diesel,83.0,5582.58,89.25
249,Madhya Pradesh,BRAKE PARTS,ZF047163267GM,DRUM BRAKE; M&M SCORPIO(P)BR LH,2.0,5557.68,100.0
250,Maharashtra,BRAKE PARTS,ZF047156337GM,AUTO ADJ ASSLY FRONT RH,22.0,5537.1900000000005,75.87
251,Uttar Pradesh,BRAKE PARTS,ZF04L774557GM,Disc Brake Assy Frt RH,2.0,5491.72,100.0
252,Uttar Pradesh,BRAKE PARTS,ZF04L774547GM,Disc Brake Assy Frt LH,2.0,5491.72,100.0
253,Maharashtra,BRAKE PARTS,ZF04N601907TC,Brake Pad_Tru Blue CERAMIC,4.0,5479.44,80.0
254,Chhattisgarh,BRAKE PARTS,ZF04N601287TB,Brake Pad_Tru Blue,4.0,5347.52,66.67
255,Assam,EMS,ZF04N344135FP,IN TANK FUAL PUMP NEW BALENO PETROL,5.0,5215.6,71.43
256,Maharashtra,BRAKE PARTS,ZF04N600897TC,Brake Pad_Tru Blue CERAMIC,4.0,5178.78,57.14
257,Madhya Pradesh,BRAKE PARTS,ZF04L67474KIT,SERVICE KIT; MAJOR CSC T-1,23.0,5115.9,60.51
258,Jammu and Kashmir,BRAKE PARTS,ZF04L82047KIT,CMC Minor Kit,58.0,5115.89,51.15
259,Karnataka,BRAKE PARTS,ZF04N651967TG,"ROTOR_ARTEON, TIGUAN",2.0,5036.12,100.0
260,Manipur,EMS,ZF04N311035FP,Fuel Pump Module_Wagon R old,2.0,5019.25,100.0
261,Maharashtra,BRAKE PARTS,ZF04N602477TC,Brake Pad_Tru Blue CERAMIC,4.0,5003.92,100.0
262,Assam,BRAKE PARTS,ZF04N43145NIL,CYLINDER SET MASTER,25.0,4985.5,71.43
263,Uttarakhand,LUBES,ZF04N503647GM,RADIATOR COOLANT BLUE 5 LTR,12.0,4906.4400000000005,100.0
264,Uttarakhand,LUBES,ZF04N503617GM,RADIATOR COOLANT BLUE 3 LTR,18.0,4859.71,100.0
265,Rajasthan,OTHERS,ZF04N36764AFL,AIR FILTER SCORPIO CRDI,20.0,4835.64,66.67
266,Manipur,BRAKE PARTS,ZF04N632117TG,ROTOR_SELTOS RR,4.0,4798.35,100.0
267,Tamil Nadu,BRAKE PARTS,ZF047149077GM,W/C FR(k35/25),10.0,4793.75,100.0
268,Maharashtra,BRAKE PARTS,ZF04N602347TB,Brake Pad_Tru Blue,4.0,4703.24,66.67
269,Bihar,OTHERS,ZF04N18366AFL,A/F Tata Venture/ Super ACE,16.0,4663.36,100.0
270,Madhya Pradesh,BRAKE PARTS,ZF04N602717TC,Brake Pad_Tru Blue CERAMIC,3.0,4608.9,60.0
271,Andra Pradesh,BRAKE PARTS,ZF047492827GM,SHOE RETURN SPRING,200.0,4602.0,100.0
272,Tamil Nadu,BRAKE PARTS,ZF86AB70327GM,MINOR KIT W/C FR(J24/250),70.0,4456.28,76.35
273,Orissa,BRAKE PARTS,ZF04N606257TC,Brake Pad_Tru Blue CERAMIC,5.0,4440.93,53.76
274,Rajasthan,OTHERS,ZF04N25279AFL,A/F Alto,70.0,4311.72,100.0
275,Maharashtra,EMS,ZF04N263375FP,IN-TANK FUEL PUMP,4.0,4236.92,66.67
276,Maharashtra,BRAKE PARTS,ZF86AB74567GM,MINOR KIT W/C(J70/250),65.0,4164.82,53.67
277,Telangana,EMS,ZF04N264885SS,WHEEL SPEED SENSORS,4.0,4037.49,50.0
278,Maharashtra,BRAKE PARTS,ZF047742397GM,Service kit;wheel cyl YP8(J17/250),56.0,4028.28,85.09
279,Maharashtra,OTHERS,ZF04N264604RL,RELAYS,110.0,4005.52,87.74
280,Andra Pradesh,BRAKE PARTS,ZF047492837GM,SHOE RETURN SPRING F/P,200.0,3813.53,100.0
281,Punjab,BRAKE PARTS,ZF047171437GM,HOSE ASSY -MC5 KWSA(745mm),10.0,3765.97,100.0
282,Maharashtra,BRAKE PARTS,ZF047155167GM,BLEEDER,150.0,3759.04,100.0
283,Maharashtra,EMS,ZF04N264755SS,WHEEL SPEED SENSORS,4.0,3749.08,100.0
284,Rajasthan,OTHERS,ZF04N25259AFL,AIR FILTER,50.0,3699.3,100.0
285,Maharashtra,EMS,ZF04N262125IC,IGNITION COIL,1.0,3699.25,50.0
286,Kerala,EMS,ZF04N262065IC,IGNITION COIL,2.0,3652.45,100.0
287,Gujarat,BRAKE PARTS,ZF04L981747TW,PAD  KIT,70.0,3650.92,58.33
288,Madhya Pradesh,BRAKE PARTS,ZF04L688347GM,"PAD KIT, RR.",4.0,3629.44,56.41
289,Rajasthan,OTHERS,ZF04N36721AFL,AIR FILTER CRE_TA DIESEL,30.0,3610.7999999999997,100.0
290,Tamil Nadu,EMS,ZF04N264765SS,WHEEL SPEED SENSORS,4.0,3604.9,100.0
291,Tamil Nadu,BRAKE PARTS,ZF04L77483KIT,"CSC ASSY LONGØ23.81 M12, IAM TATA SPACIO",6.0,3589.56,100.0
292,Telangana,BRAKE PARTS,ZF04L929847TG,Rotor (Indica Vent),6.0,3566.56,60.0
293,Maharashtra,BRAKE PARTS,ZF04N167407TG,ROTOR (Vista TDI),5.0,3532.82,51.95
294,Gujarat,LUBES,ZF047737207GM,RADIATOR COOLANT 1 LTR.,30.0,3524.07,100.0
295,Rajasthan,BRAKE PARTS,ZF86AB77117GM,MINOR KIT W/C RR.(J97/250),50.0,3451.5,100.0
296,Punjab,BRAKE PARTS,ZF04N602407TB,Brake Pad_Tru Blue,3.0,3431.92,100.0
297,Uttar Pradesh,BRAKE PARTS,ZF04L709897GM,"KIT PAD SPRING KIT, REAR W201",10.0,3420.82,100.0
298,Punjab,BRAKE PARTS,ZF04N604147TB,Brake Pad_Tru Blue,3.0,3390.46,60.02
299,Maharashtra,BRAKE PARTS,ZF04N599447TC,Brake Pad_Tru Blue CERAMIC,2.0,3353.61,50.02
300,Jharkhand,BRAKE PARTS,ZF047484467GM,AUTO ADJUSTER KIT RH(J12/100),30.0,3345.66,96.83
301,Rajasthan,BRAKE PARTS,ZF86AB72647GM,MINOR KIT W/C RR.(J39/250),50.0,3313.45,100.0
302,Maharashtra,BRAKE PARTS,ZF04N222107GM,Shoe Return Spring Kit,166.0,3255.7400000000002,53.13
303,Rajasthan,BRAKE PARTS,ZF04L906337TW,SHOE KIT 2W,40.0,3221.4,100.0
304,West Bengal,BRAKE PARTS,ZF047155417GM,BLEEDER SCREW,130.0,3190.7200000000003,56.52
305,Rajasthan,BRAKE PARTS,ZF04N605377TC,Brake Pad_Tru Blue CERAMIC,2.0,3135.5,100.0
306,Gujarat,BRAKE PARTS,ZF04N43141NIL,CALIPER SEAL KIT,50.0,3106.35,100.0
307,Orissa,BRAKE PARTS,ZF04N58200KIT,MINOR KIT TMC BOLERO (Ø23.81),20.0,3068.0,100.0
308,Gujarat,BRAKE PARTS,ZF04N155597TG,ROTOR (Spar_k),4.0,3058.8,66.67
309,Jharkhand,EMS,ZF04N262225IC,IGNITION COIL,2.0,3034.25,100.0
310,Gujarat,BRAKE PARTS,ZF04N43142NIL,SEAL SET  PISTON-6,100.0,2991.3,76.02
311,Tamil Nadu,BRAKE PARTS,ZF047141087GM,SPRING SHOE SET TRAILING RH,100.0,2929.94,75.52
312,Tamil Nadu,BRAKE PARTS,ZF04N244297TG,IAM BRAKE DISC VW JETTA TYPE I DIESEL,2.0,2914.6,100.0
313,Gujarat,BRAKE PARTS,ZF04N43139NIL,CALIPER SEAL KIT,100.0,2914.6,100.0
314,Tamil Nadu,BRAKE PARTS,ZF04L71200KIT,MINOR TMC ISUZU AMB,20.0,2883.92,55.56
315,Maharashtra,BRAKE PARTS,ZF04N598797TC,Brake Pad_Tru Blue CERAMIC,2.0,2784.22,100.0
316,Gujarat,BRAKE PARTS,ZF04N43143NIL,CALIPER SEAL KIT,100.0,2761.2,100.0
317,Maharashtra,BRAKE PARTS,ZF86AB73667GM,SHOE KIT FRONT LH(I37/15),11.0,2758.91,57.89
318,Maharashtra,BRAKE PARTS,ZF04N129267TG,ROTOR (BOLERO CRDE LH),2.0,2646.16,50.0
319,West Bengal,BRAKE PARTS,ZF047484447GM,MAJOR KIT W/C REAR,10.0,2607.8,100.0
320,West Bengal,BRAKE PARTS,ZF047484417GM,MAJOR KIT W/C FRONT,10.0,2607.8,100.0
321,Punjab,OTHERS,ZF04N264385SA,ELECTRONIC REGULATORS,5.0,2580.96,100.0
322,Bihar,BRAKE PARTS,ZF047144077GM,SHOE RETURN SPRING LOWER,120.0,2577.12,100.0
323,Andra Pradesh,BRAKE PARTS,ZF04N600497TC,Brake Pad_Tru Blue CERAMIC,2.0,2537.24,65.04
324,Jharkhand,BRAKE PARTS,ZF86AB74167GM,MINOR KIT W/C(J61/250),70.0,2531.1,52.46
325,Maharashtra,EMS,ZF04N264675SS,WHEEL SPEED SENSORS,5.0,2523.44,62.5
326,Maharashtra,BRAKE PARTS,ZF04N43140NIL,SEAL SET PISTON 3,20.0,2485.08,100.0
327,Rajasthan,OTHERS,ZF04N22285AFL,AIR FILTER MARUTI VAN,24.0,2472.34,100.0
328,Karnataka,BRAKE PARTS,ZF04N651917TG,ROTOR_VERNA RR,2.0,2468.21,100.0
329,Jharkhand,BRAKE PARTS,ZF04L719937GM,REPAR KIT AUTO ADJ. RH(J23/250),20.0,2454.4,83.33
330,Chandigarh,BRAKE PARTS,ZF04N244197TG,IAM BRAKE DISC TOYOTA COROLLA,2.0,2394.57,100.0
331,Tamil Nadu,BRAKE PARTS,ZF047149267GM,WC  LH (ACE ONE TONNER)(K43/40),6.0,2379.23,75.73
332,Maharashtra,BRAKE PARTS,ZF04L82048KIT,CMC Major Kit KIT272,10.0,2377.7,100.0
333,Madhya Pradesh,BRAKE PARTS,ZF04N643397TG,ROTOR_I20 (PETROL),2.0,2331.68,100.0
334,Punjab,EMS,ZF04N263475FP,IN-TANK FUEL PUMP,1.0,2321.71,100.0
335,Maharashtra,BRAKE PARTS,ZF047116697GM,AUTO ADJ ASSLY FRONT RH,10.0,2308.68,90.91
336,Chhattisgarh,BRAKE PARTS,ZF043189237GM,RR BRAKE ASSY RH(H22/4),1.0,2305.6,100.0
337,Manipur,EMS,ZF04N261955IC,IGNITION COIL,2.0,2258.05,100.0
338,Assam,EMS,ZF04N264935SS,WHEEL SPEED SENSORS,4.0,2230.44,100.0
339,Rajasthan,OTHERS,ZF04N36719AFL,AIR FILTER AMA_ZE,20.0,2223.12,100.0
340,Orissa,BRAKE PARTS,ZF043189327GM,STRUT SUB ASSSLY FRONT,10.0,2208.96,66.67
341,Assam,EMS,ZF04N344145FP,IN TANK FUAL PUMP Celerio-Petrol,2.0,2173.68,64.51
342,Orissa,BRAKE PARTS,ZF047141037GM,"CUP, SHOE HOLD DOWN",200.0,2147.6,100.0
343,Bihar,BRAKE PARTS,ZF047164167GM,SHOE RETURN SPRING (UPPER),120.0,2116.92,100.0
344,Kerala,EMS,ZF04N264915SS,WHEEL SPEED SENSORS,2.0,2018.74,66.67
345,Madhya Pradesh,BRAKE PARTS,ZF047144997GM,HOSE ASSY REAR BOTHSIDE BENJO,10.0,1986.54,53.22
346,Maharashtra,BRAKE PARTS,ZF047143097GM,SPRING SHOE RETURN LOWER,90.0,1933.26,100.0
347,Karnataka,BRAKE PARTS,ZF04N171497GM,PAD KIT,4.0,1929.76,57.14
348,Rajasthan,BRAKE PARTS,ZF047167947GM,REAR BRAKE ASSLY LH,2.0,1919.03,100.0
349,Gujarat,BRAKE PARTS,ZF04N31213KIT,"TMC ASSLY, WITH RES. W/O FLWI",2.0,1917.5,66.67
350,Maharashtra,BRAKE PARTS,ZF04L981777TW,PAD  KIT,40.0,1871.48,100.0
351,Maharashtra,BRAKE PARTS,ZF04L962257TW,PAD  KIT,40.0,1871.48,100.0
352,Maharashtra,BRAKE PARTS,ZF04L962317TW,PAD  KIT 2W,40.0,1871.48,100.0
353,Tamil Nadu,BRAKE PARTS,ZF04N155517TG,ROTOR (Skod_A Octavi_a Rr),2.0,1687.4,100.0
354,Jharkhand,BRAKE PARTS,ZF047484457GM,AUTO ADJUSTER KIT LH(J11/100),15.0,1649.81,75.05
355,Rajasthan,OTHERS,ZF04N25475AFL,A/F Kwid (Petrol),30.0,1646.1000000000001,75.0
356,Maharashtra,BRAKE PARTS,ZF86AB79087GM,MINOR KIT W/C(EQLNT),36.0,1629.1,100.0
357,Andra Pradesh,BRAKE PARTS,ZF04N601497TB,Brake Pad_Tru Blue,2.0,1616.84,65.04
358,Maharashtra,BRAKE PARTS,ZF04N604107TB,Brake Pad_Tru Blue,2.0,1547.8,66.67
359,Maharashtra,EMS,ZF04N261785IC,IGNITION COIL,10.0,1512.51,100.0
360,Orissa,BRAKE PARTS,ZF04N602897TC,Brake Pad_Tru Blue CERAMIC,1.0,1493.35,100.0
361,Orissa,BRAKE PARTS,ZF04N604777TC,Brake Pad_Tru Blue CERAMIC,2.0,1480.31,100.0
362,Tamil Nadu,BRAKE PARTS,ZF04N257667TW,Damper Unicorn,25.0,1476.48,100.0
363,Delhi,BRAKE PARTS,ZF047163477GM,STRUT (REAR),50.0,1457.3,100.0
364,Kerala,BRAKE PARTS,ZF04L71205KIT,MINOR KIT TMC,10.0,1449.64,83.33
365,Orissa,BRAKE PARTS,ZF04N602917TC,Brake Pad_Tru Blue CERAMIC,1.0,1423.55,100.0
366,Maharashtra,BRAKE PARTS,ZF047816987GM,W/C Minor KIT(J20/250),20.0,1411.28,100.0
367,Orissa,OTHERS,ZF04N21029AFL,"A/F GC-1000,BAJAJ 3W",24.0,1401.84,100.0
368,Gujarat,BRAKE PARTS,ZF04N604497TB,Brake Pad_Tru Blue,2.0,1389.8,66.67
369,Orissa,BRAKE PARTS,ZF047140037GM,SHOE SET PIN,100.0,1380.6,83.33
370,West Bengal,BRAKE PARTS,ZF047164417GM,SHOE RETURN SPRING UPPER (SUMO RAUS),100.0,1303.9,90.9
371,Maharashtra,BRAKE PARTS,ZF04L69673KIT,"CMC  ASSEMBLY, IAM FML CMC",2.0,1303.9,100.0
372,Rajasthan,OTHERS,ZF04N43134AFL,AIR FILTER- HONDA ACTIVA 3G 4G 5G,20.0,1302.72,100.0
373,Jharkhand,EMS,ZF04N264685SS,WHEEL SPEED SENSORS,2.0,1297.76,66.67
374,Jharkhand,BRAKE PARTS,ZF04L71208KIT,SERVICE KIT; PRY & SEC.PISTON SET,4.0,1239.48,100.0
375,Rajasthan,OTHERS,ZF04N25258AFL,A/F WagnoR K series,20.0,1231.92,100.0
376,Rajasthan,OTHERS,ZF04N50858AFL,"AIR FILTER, MnM XUV 300 BS4 & 6",6.0,1208.56,100.0
377,West Bengal,BRAKE PARTS,ZF04L67481KIT,MAJOR KIT TMC,3.0,1205.72,100.0
378,Maharashtra,BRAKE PARTS,ZF86AB74277GM,MINOR KIT W/C(J64/250),10.0,1173.51,100.0
379,Gujarat,BRAKE PARTS,ZF04L981807TW,PAD  KIT,25.0,1169.68,100.0
380,Gujarat,BRAKE PARTS,ZF04L962137TW,PAD  KIT,25.0,1169.68,50.0
381,Gujarat,BRAKE PARTS,ZF04L962287TW,PAD  KIT,25.0,1169.68,50.0
382,Maharashtra,BRAKE PARTS,ZF04L981897TW,PAD  KIT,25.0,1169.67,100.0
383,Maharashtra,EMS,ZF04N265135SS,WHEEL SPEED SENSORS,1.0,1152.03,100.0
384,Tamil Nadu,BRAKE PARTS,ZF04N222677TG,ROTOR (1000/Esteem)/Zen D),2.0,1150.5,100.0
385,Maharashtra,BRAKE PARTS,ZF047490437GM,Service kit; PINS,6.0,1149.72,60.18
386,Maharashtra,EMS,ZF04N263305FP,IN-TANK FUEL PUMP,1.0,1140.9,100.0
387,Rajasthan,BRAKE PARTS,ZF047145007GM,Front Hose,7.0,1127.5,63.64
388,Maharashtra,EMS,ZF04N265125SS,WHEEL SPEED SENSORS,1.0,1046.95,100.0
389,Chandigarh,BRAKE PARTS,ZF043183247GM,PIN,20.0,1043.12,100.0
390,Rajasthan,BRAKE PARTS,ZF043182917GM,STRUT SUB ASSLY RH(A.A),10.0,1027.78,100.0
391,Karnataka,EMS,ZF04N265115SS,WHEEL SPEED SENSORS,2.0,1001.7,100.0
392,West Bengal,OTHERS,ZF04N260794RL,DUAL HEAD LAMP RELAY,10.0,997.4000000000001,100.0
393,Rajasthan,OTHERS,ZF04N25278AFL,A/F Innova,5.0,991.2,100.0
394,Kerala,BRAKE PARTS,ZF86AB73447GM,KBX  PAD KIT,2.0,948.02,50.74
395,Kerala,BRAKE PARTS,ZF04L71196KIT,MINOR KIT TMC,3.0,938.8,100.0
396,Chhattisgarh,BRAKE PARTS,ZF04N58199KIT,"MAJOR TMC KIT, BOLERO (Ø23.81)",2.0,928.07,100.0
397,West Bengal,OTHERS,ZF04N260724RL,DUAL HEAD LAMP RELAY,10.0,910.6700000000001,100.0
398,Gujarat,BRAKE PARTS,ZF86AB72887GM,LINING KIT STD.NON ASB,2.0,908.13,100.0
399,Maharashtra,OTHERS,ZF04N260744RL,DUAL HEAD LAMP RELAY,2.0,906.6,100.0
400,Maharashtra,EMS,ZF04N264995SS,WHEEL SPEED SENSORS,1.0,902.0,100.0
401,Madhya Pradesh,OTHERS,ZF04N264564RL,RELAYS,20.0,868.48,86.02
402,Punjab,OTHERS,ZF04N260714RL,DUAL HEAD LAMP RELAY,6.0,851.37,100.0
403,Karnataka,BRAKE PARTS,ZF043189657GM,HOSE REAR,6.0,837.56,54.11
404,Kerala,EMS,ZF04N264795SS,WHEEL SPEED SENSORS,2.0,825.3,100.0
405,Orissa,OTHERS,ZF04N18361AFL,A/F Scorpio BSII,8.0,792.96,100.0
406,Tamil Nadu,BRAKE PARTS,ZF04N239897GM,Cubota Make Bellow,10.0,790.01,100.0
407,Maharashtra,BRAKE PARTS,ZF04N603927TB,Brake Pad_Tru Blue,1.0,779.28,100.0
408,Maharashtra,BRAKE PARTS,ZF047155177GM,BLEEDER SCREW,30.0,759.34,93.75
409,Rajasthan,OTHERS,ZF04N25474AFL,A/F Honda Activa New,20.0,743.4,100.0
410,Rajasthan,OTHERS,ZF04N36758AFL,AIR FILTER I10,8.0,719.32,80.0
411,West Bengal,BRAKE PARTS,ZF047143617GM,SPRING SHOE RETURN LOWER,50.0,690.3,71.41
412,Tamil Nadu,BRAKE PARTS,ZF04N236157GM,Front Wheel Seal Oil Seal (33 x 50 x 6),50.0,690.3,100.0
413,Orissa,OTHERS,ZF04N25253AFL,AIR FILTER,10.0,658.44,100.0
414,Maharashtra,BRAKE PARTS,ZF047155157GM,SCREW BLEEDER W/C,26.0,638.14,100.0
415,Rajasthan,OTHERS,ZF04N36761AFL,AIR FILTER AMA_ZE NEW MODEL,5.0,601.8,100.0
416,Jharkhand,BRAKE PARTS,ZF047171017GM,BACK PLATE ASSY LH,1.0,582.15,100.0
417,Chhattisgarh,BRAKE PARTS,ZF047149247GM,W/C ASSY.,2.0,572.18,66.67
418,Maharashtra,BRAKE PARTS,ZF047484487GM,KIT SHOE HIOLD DOWN (FR)(J14/50),10.0,552.24,100.0
419,Maharashtra,BRAKE PARTS,ZF04L719897GM,"SHOE HOLD DOWN KIT, MSIL K10",10.0,529.24,100.0
420,Maharashtra,BRAKE PARTS,ZF04L972727TW,PAD  KIT,10.0,521.56,100.0
421,Orissa,BRAKE PARTS,ZF04L774607GM,Caliper Kit Minor,2.0,513.89,100.0
422,Kerala,BRAKE PARTS,ZF047164107GM,HND BRAKE LEVER LH,5.0,506.22,100.0
423,Tamil Nadu,BRAKE PARTS,ZF04N301737GM,Engine Support Seal (Big),25.0,498.55,100.0
424,Maharashtra,BRAKE PARTS,ZF043183637GM,PAWL,20.0,490.88,100.0
425,Jharkhand,BRAKE PARTS,ZF043188937GM,AUTO ADJUST. SUB ASSLY LH RAUS R PUNCH,2.0,489.35,100.0
426,West Bengal,BRAKE PARTS,ZF047143367GM,SPRING ADJ. BOLT LH(RH ASSY.),45.0,483.21999999999997,100.0
427,Orissa,BRAKE PARTS,ZF047143407GM,"SPRING, SHOE HOLD DOWN",35.0,483.21,75.0
428,Tamil Nadu,BRAKE PARTS,ZF04N239907GM,ENGINE BELLOW (Big Bellow),6.0,478.61,100.0
429,Maharashtra,OTHERS,ZF04N260754RL,DUAL HEAD LAMP RELAY,2.0,457.14,100.0
430,Tamil Nadu,BRAKE PARTS,ZF04N237127GM,Front Fork Seal (56 x 95 x 8.3),12.0,441.79,100.0
431,Tamil Nadu,BRAKE PARTS,ZF04N239827GM,Oil Guage Stick (Dip Regular),20.0,429.52,100.0
432,Maharashtra,BRAKE PARTS,ZF047494207GM,RETURN SPRING(M.A),20.0,429.52,100.0
433,Maharashtra,BRAKE PARTS,ZF047145127GM,HOSE REAR BRAKE (264mm),2.0,283.79,100.0
434,Rajasthan,OTHERS,ZF04N50870AFL,"AIR FILTER, INNO_VA CRYS_TA",2.0,257.0,100.0
435,Tamil Nadu,BRAKE PARTS,ZF04N237167GM,Front Axle Oil Seal (26 x 33 x 4),25.0,249.28,100.0
436,Himachal Pradesh,BRAKE PARTS,ZF047144047GM,STRUT SPRING LH,10.0,245.44,100.0
437,West Bengal,BRAKE PARTS,ZF047164437GM,SHOE RETURN SPRING LOWER (SUMO RAUS),13.0,238.54999999999998,57.46
438,Maharashtra,BRAKE PARTS,ZF047145117GM,HOSE FRONT BRAKE (388mm),1.0,187.14,100.0
439,Maharashtra,BRAKE PARTS,ZF047140127GM,PIN SHOE HOLD DOWN,15.0,161.07999999999998,100.0
440,Maharashtra,BRAKE PARTS,ZF047484477GM,KIT SHOE HIOLD DOWN RR(J13/250),2.0,113.52,100.0
441,Maharashtra,OTHERS,ZF043184157GM,PLUG,10.0,95.82,100.0
442,Orissa,BRAKE PARTS,ZF047175117GM,"SPRING, SHOE SET(FRONT BR.)",10.0,92.03999999999999,100.0
443,West Bengal,BRAKE PARTS,ZF047163497GM,STRUT FRONT,2.0,61.36,100.0
444,Rajasthan,EMS,ZF04N263285FP,IN-TANK FUEL PUMP,-1.0,-981.76,100.0
445,Rajasthan,EMS,ZF04N311045FP,Fuel Pump Module_Wagon R k10,-1.0,-3055.72,100.0
446,Uttar Pradesh,BRAKE PARTS,ZF04L901607TW,FRONT FLOATING CALIPER ASSEMBLY Ø28,-19.0,-12804.48,100.0
