Priority Rank,Material Desc,Material,Material Desc,Total Revenue,Number of Customers,Number of Orders,Total_Quantity,Revenue Score,Customer Reach Score,Order Frequency Score,Overall Priority Score
1,0,ZF86AB70057GM,BRAKE FLUID 1/4 LTR DOT3 (Non Petroleum),180074198.31,118,1918,217162.0,1.0,1.0,1.0,1.0
2,1,ZF86AB70007GM,BRAKE FLUID 100ml DOT3 (Non Petroleum),95114100.08,107,1292,148404.0,0.5282,0.906,0.6734,0.6706
3,2,ZF86AB77527GM,SHOE KIT,36749075.76,103,1008,81317.0,0.2041,0.8718,0.5253,0.4687
4,3,ZF86AB70097GM,BRAKE FLUID 1/4 Lt  DOT4 (Non Petroleum),35020351.52,102,903,98377.0,0.1945,0.8632,0.4705,0.4503
5,4,ZF86AB70567GM,SHOE KIT  (1 LEADING- 1 TRAILING),39433565.34,91,854,68874.0,0.219,0.7692,0.445,0.4293
6,5,ZF043186027GM,WC ASSLY PVPL RR(K17/40),28701241.59,99,872,57151.0,0.1594,0.8376,0.4544,0.4219
7,6,ZF04L69678KIT,"TMC ASSLY WITH RESERVOIR, PVPL APE501",43564666.4,73,904,27831.0,0.242,0.6154,0.471,0.3998
8,7,ZF86AB75887GM,SHOE KIT(INCRIMENTAL ADJ.)15,28921635.47,87,880,38595.0,0.1607,0.735,0.4585,0.3926
9,8,ZF86AB73617GM,SHOE KIT  RH(A.A.),33211096.65,81,830,68622.0,0.1845,0.6838,0.4324,0.3839
10,9,ZF86AB73627GM,SHOE KIT LH (A.A.),32634465.79,80,819,67823.0,0.1813,0.6752,0.4267,0.3785
11,10,ZF043185987GM,W/C  ASSY(15.87)(K14/100),19193202.44,87,873,57127.0,0.1066,0.735,0.4549,0.3648
12,11,ZF86AB73837GM,MINOR KIT W/C FR(J56/250),24170229.88,82,737,80999.0,0.1343,0.6923,0.3839,0.3516
13,12,ZF86AB73287GM,KBX  PAD KIT,9192090.49,88,734,27582.0,0.0511,0.7436,0.3824,0.3251
14,13,ZF86AB73637GM,SHOE KIT FRONT (A.A.),20456615.65,78,671,52392.0,0.1137,0.6581,0.3495,0.3242
15,14,ZF04L665887GM,SHOE KIT,14899122.11,82,625,12849.0,0.0828,0.6923,0.3255,0.3142
16,15,ZF043189947GM,W/C ASSY LH SANTRO,9474163.37,88,618,26444.0,0.0527,0.7436,0.3219,0.3138
17,16,ZF047742387GM,Service kit; Shoes New Swift,12966222.57,84,595,13765.0,0.0721,0.7094,0.3099,0.3108
18,17,ZF043189317GM,W /C ASSY RH SANTRO,9283300.13,88,590,25869.0,0.0516,0.7436,0.3073,0.3103
19,18,ZF86AB73407GM,KBX  PAD KIT,8738080.86,85,647,20608.0,0.0486,0.7179,0.337,0.3071
20,19,ZF04L952157GM,POWER STEERING OIL BOTTLE(500ml),10014483.72,87,494,44921.0,0.0557,0.735,0.2572,0.2998
21,20,ZF04L952167GM,POWER STEERING FLUID 1 Ltr,13783018.6,84,466,35932.0,0.0766,0.7094,0.2426,0.2996
22,21,ZF047700977GM,"SERVICE KIT; SHOE KIT, ALTO CD,170",9602381.18,83,560,14825.0,0.0534,0.7009,0.2916,0.2953
23,22,ZF043189017GM,W/C ASSY. RH(K23/40),6937689.79,83,603,23905.0,0.0386,0.7009,0.314,0.2924
24,23,ZF86AB74827GM,PAD FRICTION KING,9327594.1,83,520,17506.0,0.0519,0.7009,0.2707,0.2903
25,24,ZF047138407GM,"W/C ASSLY RR, Ø 15.87MM",6929543.72,80,578,28843.0,0.0385,0.6752,0.301,0.282
26,25,ZF86AB75257GM,PAD KIT,4768805.68,83,554,21055.0,0.0266,0.7009,0.2885,0.2812
27,26,ZF04L699607GM,W/C ASSY. XYLO (Equlnt)(K62/25),12209946.71,78,464,20426.0,0.0679,0.6581,0.2415,0.2797
28,27,ZF04L688687GM,Pad Kit-Ertiga,6172330.45,82,515,8491.0,0.0343,0.6923,0.2681,0.2785
29,28,ZF04L808607GM,Shoe Kit,5827259.73,82,483,10230.0,0.0324,0.6923,0.2514,0.2742
30,29,ZF043189417GM,W/C ASSY. LH.omni (k26/40),6768492.36,78,551,23183.0,0.0377,0.6581,0.2869,0.2736
31,30,ZF86AB75057GM,BONDED BRAKE SHOE KIT (KBX type),4298538.58,84,466,11416.0,0.0239,0.7094,0.2426,0.2733
32,31,ZF047168007GM,W/C ALTO (K53/100),6950989.3100000005,80,492,23671.0,0.0387,0.6752,0.2561,0.2731
33,32,ZF04N260123AC,R134A GAS CAN,80451591.82000001,18,44,4908.0,0.4468,0.1453,0.0224,0.2715
34,33,ZF04L92349KIT,TMC Assy Compact,15555256.59,71,454,18459.0,0.0864,0.5983,0.2363,0.27
35,34,ZF86AB75897GM,SHOE KIT(12),15038098.25,66,543,18767.0,0.0836,0.5556,0.2827,0.265
36,35,ZF04L708617GM,BRAKE FLUID 100 ml  DOT4 (Non Petroleum),5932332.0,81,394,44932.0,0.033,0.6838,0.205,0.2626
37,36,ZF043189957GM,W/C Model K cr3 (19.05)(K31/100),5335847.55,79,444,16256.0,0.0297,0.6667,0.2311,0.2611
38,37,ZF86AB75927GM,SHOE KIT(12),6296710.82,76,480,9951.0,0.035,0.641,0.2499,0.2598
39,38,ZF86AB75817GM,SHOE KIT(15),7875661.35,74,457,13135.0,0.0438,0.6239,0.2379,0.2567
40,39,ZF04L71188KIT,MINOR KIT TMC PIAGGIO,15458883.22,67,407,33548.0,0.0859,0.5641,0.2118,0.2545
41,40,ZF86AB76057GM,SHOE KIT,4184432.55,78,419,7620.0,0.0233,0.6581,0.218,0.2527
42,41,ZF04L688207GM,"PAD KIT,  Frt",6093600.44,74,428,10534.0,0.0339,0.6239,0.2227,0.2487
43,42,ZF04L808737GM,Shoe Kit,3411977.1,78,382,6051.0,0.019,0.6581,0.1987,0.2467
44,43,ZF86AB73367GM,KBX  PAD KIT,2033363.08,78,383,6979.0,0.0114,0.6581,0.1993,0.243
45,44,ZF04N222127GM,Shoe Kit,6948997.99,75,319,4292.0,0.0387,0.6325,0.1659,0.2422
46,45,ZF04N65832AST,GREEN COOLANT BOTTLE (1 LTR),10632164.15,68,369,38101.0,0.0591,0.5726,0.192,0.2397
47,46,ZF047139217GM,W/C ASSY. RR. RH.(17.46 mm),4328452.44,73,412,13540.0,0.0241,0.6154,0.2144,0.2395
48,47,ZF04L808687GM,Shoe Kit,2644236.3000000003,78,331,4603.0,0.0148,0.6581,0.1721,0.2392
49,48,ZF86AB75117GM,BRAKE SHOE KIT,3244228.17,73,401,8032.0,0.0181,0.6154,0.2087,0.2354
50,49,ZF047139187GM,W/C ASSY. RR. LH. CULTUS (17.46 mm),3879566.19,73,357,12666.0,0.0216,0.6154,0.1857,0.2326
51,50,ZF86AB75347GM,BRAKE SHOE KIT (KBX type),5443846.92,71,358,8502.0,0.0303,0.5983,0.1862,0.2319
52,51,ZF04L71194KIT,MINOR KIT TMC,6699489.07,67,411,33354.0,0.0373,0.5641,0.2139,0.2306
53,52,ZF04L69665KIT,"TMC ASSEMBLY,Ø19.05,IAM,MSIL OMNI VAVE",6849870.58,70,320,9264.0,0.0381,0.5897,0.1664,0.2293
54,53,ZF04L69663KIT,"TMC ASSLY MUL NMC, (K64/20)",4556696.7,71,351,7172.0,0.0254,0.5983,0.1826,0.2287
55,54,ZF86AB75527GM,SHOE KIT (EQUIVALENT.),1759341.08,75,325,5670.0,0.0098,0.6325,0.169,0.2285
56,55,ZF04N172897GM,PAD KIT,1859539.02,75,314,3686.0,0.0104,0.6325,0.1633,0.2276
57,56,ZF048086407GM,Wheel Cylinder Al FRT,3137819.08,70,374,8910.0,0.0175,0.5897,0.1946,0.2246
58,57,ZF86AB70047GM,BRAKE FLUID 1/2 Lt DOT3 (Non Petroleum),6917348.24,67,343,29634.0,0.0385,0.5641,0.1784,0.2242
59,58,ZF86AB73817GM,MINOR KIT W/C FR(J54/250),6353574.33,65,405,41334.0,0.0354,0.547,0.2107,0.2239
60,59,ZF047059867GM,W/C ASSLY YP8,2472438.39,75,260,5413.0,0.0138,0.6325,0.1351,0.2237
61,60,ZF04L768967GM,"SHOE KIT WITH HBL, OMNI UPG.",12565053.61,56,458,17723.0,0.0698,0.4701,0.2384,0.2236
62,61,ZF04L929857TG,Rotor (800CC),1794347.96,72,334,3982.0,0.01,0.6068,0.1737,0.2218
63,62,ZF04L929837TG,Rotor (Bolero),3641358.57,72,282,3992.0,0.0203,0.6068,0.1466,0.2215
64,63,ZF043185947GM,W/C ASSY. RR.(17.46 mm) YE2,2950114.73,70,341,12260.0,0.0165,0.5897,0.1774,0.2206
65,64,ZF04L762357GM,WHEEL CYLINDER ASSLY BEAT,3149904.85,71,305,4971.0,0.0176,0.5983,0.1586,0.22
66,65,ZF043185867GM,W/C ASSLY (25.4)(INC ADJ)(K8/25),3135514.49,70,322,7306.0,0.0175,0.5897,0.1674,0.2192
67,66,ZF04N129307TG,ROTOR (SWIFT),4680045.76,66,347,5064.0,0.0261,0.5556,0.1805,0.2158
68,67,ZF043185787GM,W/C ASSY. FRT. RH. R2 TWO TUBE SEAT(25.4,1602313.72,71,305,6820.0,0.009,0.5983,0.1586,0.2157
69,68,ZF04L82030KIT,MINOR KIT (Only Seals),8408958.53,62,345,30237.0,0.0468,0.5214,0.1794,0.2157
70,69,ZF04N172007GM,PAD KIT,1802593.71,71,280,3366.0,0.0101,0.5983,0.1455,0.2136
71,70,ZF043185747GM,W/C ASSY. RH.(20.64 mm),1796060.24,68,352,7814.0,0.01,0.5726,0.1831,0.2134
72,71,ZF04N214517GM,WheeL Cylinder Al DUSTER,2890716.64,71,247,4184.0,0.0161,0.5983,0.1283,0.2132
73,72,ZF04N187517GM,EP - 90 Gear Fluid 1   ltr,8245006.25,63,297,21957.0,0.0459,0.5299,0.1544,0.2128
74,73,ZF043185777GM,W/C ASSY. FRT. RH. R1 ONE TUBE SEAT(25.4,1862578.2,67,333,8127.0,0.0104,0.5641,0.1732,0.2091
75,74,ZF043185757GM,W/C ASSY FRT LH L1 ONE TUBE SEAT(25.4 mm,1625293.09,68,304,7077.0,0.0091,0.5726,0.1581,0.208
76,75,ZF86AB73427GM,KBX  PAD KIT,1126287.34,70,265,2957.0,0.0063,0.5897,0.1377,0.2076
77,76,ZF04N259607GM,Shoe Kit,1319203.78,70,257,1916.0,0.0074,0.5897,0.1335,0.2073
78,77,ZF04L893357GM,Pad kit; TML Indica vista/AL Dost,2213812.5,66,329,4577.0,0.0124,0.5556,0.1711,0.2071
79,78,ZF043185767GM,W/C ASSY. FRT. LH. L2 TWO TUBE SEAT(25.4,1466516.28,68,285,6551.0,0.0082,0.5726,0.1481,0.2055
80,79,ZF047149287GM,W/C ASSY  REAR LH & RH(K45/100),1713397.79,67,293,5336.0,0.0096,0.5641,0.1523,0.2045
81,80,ZF04L695807GM,SHOE KIT,1765264.61,70,214,1567.0,0.0099,0.5897,0.1111,0.2041
82,81,ZF04L893287GM,PAD KIT,1544710.44,68,262,2485.0,0.0086,0.5726,0.1362,0.2033
83,82,ZF04L757907GM,WHEEL CYLINDER ASSLY  SPARK,1782166.96,67,251,4037.0,0.01,0.5641,0.1304,0.2003
84,83,ZF04N172907GM,PAD KIT,824950.16,68,240,1941.0,0.0047,0.5726,0.1247,0.1991
85,84,ZF043185737GM,W/C ASSY.(20.64 mm) VAN REAR LH,1699822.69,65,290,7232.0,0.0095,0.547,0.1508,0.199
86,85,ZF04N102777GM,Wheel Cylinder Creta,1920105.82,67,209,5029.0,0.0107,0.5641,0.1085,0.1963
87,86,ZF86AB73377GM,KBX  PAD KIT,1113367.87,66,243,2416.0,0.0063,0.5556,0.1262,0.195
88,87,ZF04L680347GM,W/C  ASSLY RH.,1160718.29,64,261,3841.0,0.0065,0.5385,0.1356,0.1919
89,88,ZF04L893317GM,PAD KIT,1057165.53,66,209,1838.0,0.0059,0.5556,0.1085,0.1913
90,89,ZF04N134127GM,Shoe Kit_Manza_Vista D_TCIC,3960822.71,63,202,5078.0,0.0221,0.5299,0.1049,0.191
91,90,ZF04L680337GM,W/C. ASSLY LH.EON,1020734.0,65,226,3371.0,0.0057,0.547,0.1174,0.1904
92,91,ZF04N172927GM,PAD KIT,1179111.58,64,237,1774.0,0.0066,0.5385,0.1231,0.1895
93,92,ZF86AB73117GM,KBX  PAD KIT,1524415.19,63,246,2895.0,0.0085,0.5299,0.1278,0.1888
94,93,ZF04L69680KIT,TMC ALFA (19.05) with Resr,6967953.64,56,269,5943.0,0.0388,0.4701,0.1398,0.1884
95,94,ZF047915277GM,"PAD KIT, M&M XYLO OLD",1492691.17,61,289,2407.0,0.0084,0.5128,0.1502,0.1881
96,95,ZF041156087GM,Shoe Kit Duster,1952866.66,64,203,1025.0,0.0109,0.5385,0.1054,0.1881
97,96,ZF04L815007GM,SHOE KIT,1135382.75,65,195,1449.0,0.0064,0.547,0.1012,0.1875
98,97,ZF04N136507GM,PAD KIT,1002384.85,65,185,1992.0,0.0056,0.547,0.096,0.1861
99,98,ZF86AB73457GM,KBX  PAD KIT,1025591.71,62,256,2318.0,0.0058,0.5214,0.133,0.1859
100,99,ZF047484147GM,SHOE KIT RH RR APE CITY (I 11/20),3748223.14,59,240,11981.0,0.0209,0.4957,0.1247,0.1841
101,100,ZF04N171537GM,PAD KIT,1789917.39,61,241,3292.0,0.01,0.5128,0.1252,0.1839
102,101,ZF04N258027GM,Shoe Kit,996759.99,63,212,1611.0,0.0056,0.5299,0.1101,0.1838
103,102,ZF04N301687GM,Shoe Kit,949951.44,63,175,1471.0,0.0053,0.5299,0.0908,0.1798
104,103,ZF04N119957GM,PAD KIT WINGER Fr,2053382.33,59,238,3010.0,0.0115,0.4957,0.1236,0.1792
105,104,ZF86AB73227GM,KBX  PAD KIT,718017.95,61,212,1541.0,0.0041,0.5128,0.1101,0.1779
106,105,ZF04L665967GM,SHOE KIT,3502012.6,57,236,2876.0,0.0195,0.4786,0.1226,0.1779
107,106,ZF04L69667KIT,TMC WITH RESE ASSLY (19.05) ALTO,1775977.2,61,178,1206.0,0.0099,0.5128,0.0923,0.1773
108,107,ZF86AB77717GM,SHOE KIT,1554111.31,59,228,3952.0,0.0087,0.4957,0.1184,0.1768
109,108,ZF86AB70087GM,BRAKE FLUID 1/2 Lt DOT4 (Non Petroleum),2595954.87,58,219,15710.0,0.0145,0.4872,0.1137,0.1761
110,109,ZF04L688437GM,"PAD KIT, IAM HYUNDAI EON",1221186.73,59,225,1969.0,0.0069,0.4957,0.1168,0.1755
111,110,ZF04L929897TG,Rotor (Alto),2150019.3,58,222,3263.0,0.012,0.4872,0.1153,0.1752
112,111,ZF04N235617GM,Wheel Cylinder Assy RH TIAGO,481807.92,61,180,2033.0,0.0027,0.5128,0.0934,0.1739
113,112,ZF04L688657GM,PAD  KIT,829580.56,60,188,1287.0,0.0047,0.5043,0.0975,0.1731
114,113,ZF86AB74577GM,SHOE KIT PANEL VAN (I49/2),1703556.8,59,179,1539.0,0.0095,0.4957,0.0929,0.1721
115,114,ZF043189847GM,W/C ASSY. LH(19.05 mm),5735116.1,50,275,13887.0,0.0319,0.4188,0.1429,0.1702
116,115,ZF043189137GM,WC ASSLY RAUS PETROL 23(K25/25),2576041.31,55,232,3902.0,0.0144,0.4615,0.1205,0.1697
117,116,ZF04N257907GM,Shoe Kit,826516.99,59,174,1429.0,0.0047,0.4957,0.0902,0.1691
118,117,ZF047484437GM,NANO RR SHOE KIT NANO (KBX4028)(I15/15),1096615.75,59,165,2005.0,0.0062,0.4957,0.0856,0.1689
119,118,ZF04L69679KIT,"TMC ASSLY,IAM, TATA ACE, DIA 19.05",1545973.22,56,223,1660.0,0.0087,0.4701,0.1158,0.1685
120,119,ZF04N172887GM,PAD KIT,668448.36,59,167,1493.0,0.0038,0.4957,0.0866,0.1679
121,120,ZF04L929887TG,Rotor (WAGON R),1462233.71,56,202,2454.0,0.0082,0.4701,0.1049,0.1661
122,121,ZF04N172017GM,PAD KIT,745520.72,58,170,1066.0,0.0042,0.4872,0.0882,0.1659
123,122,ZF04L71189KIT,MINOR KIT BAL TMC IAM,4524208.76,50,248,19750.0,0.0252,0.4188,0.1288,0.164
124,123,ZF04N171507GM,PAD KIT,587096.84,58,151,777.0,0.0033,0.4872,0.0782,0.1635
125,124,ZF043185617GM,W/C ASSY. RH(19.05 mm),4968541.71,48,279,12628.0,0.0277,0.4017,0.145,0.1633
126,125,ZF04N171457GM,PAD KIT,490717.94,58,141,754.0,0.0028,0.4872,0.073,0.1622
127,126,ZF86AB74957GM,BRAKE SHOE KIT INDICA (I53/20),1405930.15,52,258,5328.0,0.0079,0.4359,0.1341,0.1615
128,127,ZF04L820787GM,Shoe Kit Suzuki Ertiga / SX4,1347099.63,55,178,1822.0,0.0076,0.4615,0.0923,0.1607
129,128,ZF047484537GM,"SHOE KIT 8"" Logan (I16/12)",1717746.92,54,179,1393.0,0.0096,0.453,0.0929,0.1593
130,129,ZF043189877GM,W/C Assy.PANEL VAN(22.22)(k30/25),1352594.18,54,185,2480.0,0.0076,0.453,0.096,0.1589
131,130,ZF04N119357GM,PAD KIT CI_TY V Fr,1261274.61,53,204,1755.0,0.0071,0.4444,0.1059,0.158
132,131,ZF04N235627GM,Wheel Cylinder Assy LH TIAGO,358526.58,57,124,1538.0,0.0021,0.4786,0.0642,0.1575
133,132,ZF04L820817GM,Wheel Cylinder Assy eartiga,500808.29,55,158,1598.0,0.0029,0.4615,0.0819,0.1563
134,133,ZF047149207GM,W/C ASSY. LH(K40/40),2156256.16,53,161,5752.0,0.012,0.4444,0.0835,0.156
135,134,ZF86AB70557GM,MINOR KIT W/C(J29/250),1694862.06,51,206,15867.0,0.0095,0.4274,0.1069,0.1543
136,135,ZF04L69677KIT,TMC ASSY WITH RESERVOIR BAL 3W (19.05),4822201.16,46,240,5769.0,0.0268,0.3846,0.1247,0.1537
137,136,ZF86AB73567GM,MINOR KIT W/C FR.(J46/250),1443997.62,50,226,17525.0,0.0081,0.4188,0.1174,0.1532
138,137,ZF047484137GM,SHOE KIT LH RR APE CITY (I10/20),3330016.74,49,196,10189.0,0.0186,0.4103,0.1017,0.1527
139,138,ZF04N211347GM,PAD KIT  (S2),2604612.35,49,208,3575.0,0.0145,0.4103,0.108,0.1519
140,139,ZF86AB73397GM,KBX  PAD KIT,691577.41,53,157,1610.0,0.0039,0.4444,0.0814,0.1516
141,140,ZF04N167397TG,ROTOR (Baleno New),619439.23,53,147,739.0,0.0035,0.4444,0.0762,0.1503
142,141,ZF04L726307GM,Wheel Cylinder Assy,2384333.87,49,183,3711.0,0.0133,0.4103,0.0949,0.1487
143,142,ZF04L973937TG,ROTOR ( VERSA & ECCO),728034.25,52,150,1043.0,0.0041,0.4359,0.0777,0.1484
144,143,ZF04N171527GM,PAD KIT,620826.5,52,146,1312.0,0.0035,0.4359,0.0756,0.1477
145,144,ZF047156197GM,STRUT PARKING SHOE LH.,1188100.17,52,129,4258.0,0.0067,0.4359,0.0668,0.1475
146,145,ZF047816997GM,Service kit; BONDED SHOE U203(I18/2),4073035.88,46,190,3022.0,0.0227,0.3846,0.0986,0.1464
147,146,ZF047484107GM,SHOE KIT FR APE CITY (I9/20),2667089.65,47,198,9493.0,0.0149,0.3932,0.1028,0.1459
148,147,ZF04L680647GM,"W/C ASSLY LH 15 87,IAM TATA CUB, BLACKO",1006188.65,48,209,3069.0,0.0057,0.4017,0.1085,0.145
149,148,ZF86AB73467GM,KBX  PAD KIT,720097.43,51,141,1420.0,0.0041,0.4274,0.073,0.1448
150,149,ZF04N243627GM,Shoe Kit,559434.57,50,155,1029.0,0.0032,0.4188,0.0803,0.1433
151,150,ZF04N206577GM,WHEEL CYLINDER ASSLY INNOVA Ø23.81,1032346.18,49,166,1780.0,0.0058,0.4103,0.0861,0.1432
152,151,ZF04N172027GM,PAD KIT,682516.59,50,147,1043.0,0.0039,0.4188,0.0762,0.1428
153,152,ZF86AB73937GM,KBX  PAD KIT,924176.52,49,148,1322.0,0.0052,0.4103,0.0767,0.141
154,153,ZF04N491707GM,SHOE KIT LH; IAM BAJAJ REGC,3493243.4,43,222,14383.0,0.0195,0.359,0.1153,0.1405
155,154,ZF048069667GM,PAD KIT ASSLY Frt. XUV,749732.25,49,142,772.0,0.0042,0.4103,0.0736,0.1399
156,155,ZF86AB77677GM,SHOE KIT,698596.05,49,143,1070.0,0.004,0.4103,0.0741,0.1399
157,156,ZF047143697GM,SHOE HOLD DOWN SPRING(A.A),709926.1,44,264,24844.0,0.004,0.3675,0.1372,0.1397
158,157,ZF04N119927GM,PAD KIT ZEST_BOLT Fr,530666.8099999999,50,118,718.0,0.003,0.4188,0.061,0.1394
159,158,ZF04L688477GM,"PAD KIT, Frt",671370.46,49,131,813.0,0.0038,0.4103,0.0678,0.1385
160,159,ZF047156187GM,STRUT PARKING SHOE  RH.,824423.01,49,121,3487.0,0.0046,0.4103,0.0626,0.1379
161,160,ZF04N491717GM,SHOE KIT RH; IAM BAJAJ REGC,3076321.35,43,197,12512.0,0.0172,0.359,0.1022,0.1367
162,161,ZF047790127GM,W/CYL. ASSY LH (K57/40),773760.51,46,173,2500.0,0.0044,0.3846,0.0897,0.1355
163,162,ZF04L655987GM,WHEEL CYLINDER ASSEMBLY-A-entry,446109.14,48,132,1080.0,0.0025,0.4017,0.0683,0.1355
164,163,ZF04L695777GM,W/C ASSLY DOST,597422.91,49,101,1299.0,0.0034,0.4103,0.0522,0.1352
165,164,ZF86AB75097GM,MINOR KIT W/C FRT.(J77/500),226140.22,46,183,9205.0,0.0013,0.3846,0.0949,0.135
166,165,ZF04L704097GM,Shoe Kit Xylo/Bolero VLX/Scorpio VLX,1617770.25,47,117,1398.0,0.0091,0.3932,0.0605,0.1346
167,166,ZF047484077GM,SHOE KIT(I8/15),1037183.67,45,180,1710.0,0.0058,0.3761,0.0934,0.1344
168,167,ZF04N171447GM,PAD KIT,399513.35,48,123,671.0,0.0023,0.4017,0.0636,0.1344
169,168,ZF047149217GM,WC ASSLY O2 RH.(K41/40),1132428.22,47,122,3298.0,0.0064,0.3932,0.0631,0.1338
170,169,ZF047790117GM,W/CYL. ASSY RH (K56/40),719076.3,46,157,2313.0,0.0041,0.3846,0.0814,0.1337
171,170,ZF04L680637GM,"W/C ASSLY RH 15 87,IAM TATA CUB, BLACKO",896285.68,45,173,2788.0,0.005,0.3761,0.0897,0.1333
172,171,ZF86AB73217GM,KBX  PAD KIT,482633.4,46,134,866.0,0.0028,0.3846,0.0694,0.1306
173,172,ZF047143677GM,SHOE RETURN SPRING(A.A),1154793.03,41,232,19671.0,0.0065,0.3419,0.1205,0.1299
174,173,ZF04L707227GM,Shoe Kit M_HAWK / Safari,1991765.03,45,108,1457.0,0.0111,0.3761,0.0558,0.1295
175,174,ZF04N155407TG,IAM-BRAKE DISC- MARUTI SUZUKI ERTIGA,631698.6,45,131,569.0,0.0036,0.3761,0.0678,0.1282
176,175,ZF86AB73437GM,KBX  PAD KIT,223011.78,46,116,504.0,0.0013,0.3846,0.06,0.128
177,176,ZF04N172917GM,PAD KIT,547431.15,46,106,568.0,0.0031,0.3846,0.0548,0.1279
178,177,ZF04N261775IC,IGNITION COIL,3084658.87,43,105,3503.0,0.0172,0.359,0.0543,0.1271
179,178,ZF047149187GM,"W/C ASSY 8""LOGAN (K39/40)",1131781.29,44,129,1914.0,0.0064,0.3675,0.0668,0.1268
180,179,ZF04L893347GM,PAD KIT,910692.83,43,147,1302.0,0.0051,0.359,0.0762,0.1255
181,180,ZF86AB72797GM,LINING KIT O/S 207 (I33/20),791933.61,44,121,2392.0,0.0045,0.3675,0.0626,0.125
182,181,ZF043186037GM,WC; FR.APE-601(K18/40),2203929.2,43,104,5812.0,0.0123,0.359,0.0537,0.1246
183,182,ZF04L927677GM,SHOCK ABS OIl 175ml,2584981.64,41,141,14564.0,0.0144,0.3419,0.073,0.1244
184,183,ZF86AB75867GM,MINOR KIT W/C(J91/250),661161.67,42,156,8422.0,0.0037,0.3504,0.0809,0.1232
185,184,ZF04N229207GM,Shoes Assy W/O Spring,2539829.55,39,165,13744.0,0.0142,0.3248,0.0856,0.1216
186,185,ZF04N171437GM,PAD KIT,271666.85,44,96,539.0,0.0016,0.3675,0.0496,0.121
187,186,ZF04L694067GM,"WHEEL CYL ASSLY. DIA22 225,IAM GM TAVERA",447589.22,43,95,862.0,0.0026,0.359,0.049,0.1188
188,187,ZF043189087GM,W/C ASSY.(22.225)(INCRE ADJ)(K24/25),2036086.69,39,137,2958.0,0.0114,0.3248,0.0709,0.1173
189,188,ZF04N65833AST,RED COOLANT BOTTLE (1 LTR),1312249.0,41,104,9582.0,0.0074,0.3419,0.0537,0.117
190,189,ZF04N123537GM,Shoe Kit_IRIS_Nano_ZIP,421538.49,41,122,939.0,0.0024,0.3419,0.0631,0.1164
191,190,ZF04L688227GM,"PAD KIT, IAM INDICA VISTA",541189.96,41,105,991.0,0.0031,0.3419,0.0543,0.115
192,191,ZF86AB73647GM,REPAIR KIT ADJUSTER RH(J49/50),1081553.29,40,105,5768.0,0.0061,0.3333,0.0543,0.1139
193,192,ZF86AB73387GM,KBX  PAD KIT,247372.97,41,99,708.0,0.0014,0.3419,0.0511,0.1135
194,193,ZF04L914977TG,Rotor (ACE),461737.69,39,136,914.0,0.0026,0.3248,0.0704,0.1128
195,194,ZF04N66571AST,GEAR OIL BOTTLE (80W90) (1 ltr),4935518.62,36,81,7932.0,0.0275,0.2991,0.0417,0.1118
196,195,ZF04N184967GM,SHOE KIT IAM CRETA,502612.76,40,95,410.0,0.0029,0.3333,0.049,0.1112
197,196,ZF04L69676KIT,TMC ASSY. WITH RES MINIDOOR (K68/10),4418228.34,31,198,3726.0,0.0246,0.2564,0.1028,0.1098
198,197,ZF04N206567GM,WHEEL CYLINDER ASSLY INNOVA 22.225,701988.36,38,123,1260.0,0.004,0.3162,0.0636,0.1096
199,198,ZF04L673607TG,Rotor Inn_ova,450618.67,39,91,341.0,0.0026,0.3248,0.0469,0.1081
200,199,ZF043184687GM,BRIDGE RH(A.A),209368.81,39,91,5906.0,0.0012,0.3248,0.0469,0.1074
201,200,ZF86AB73477GM,KBX  PAD KIT,206524.87,39,85,417.0,0.0012,0.3248,0.0438,0.1068
202,201,ZF04L646757GM,SHOE KIT  Nissan A entry,421961.15,38,92,731.0,0.0024,0.3162,0.0475,0.1056
203,202,ZF04N171517GM,PAD KIT,408519.84,38,90,544.0,0.0023,0.3162,0.0464,0.1053
204,203,ZF04N591945FP,FUEL PUMP MODULE,1902237.46,36,97,569.0,0.0106,0.2991,0.0501,0.1051
205,204,ZF86AB75957GM,SHOE HOLD DOWN KIT(J93/250),401051.28,36,128,5997.0,0.0023,0.2991,0.0662,0.1041
206,205,ZF04L71190KIT,MINOR KIT TMC,2138836.26,34,130,9917.0,0.0119,0.2821,0.0673,0.104
207,206,ZF04L92322KIT,TMC ASSLY OMNI UPGRADE,572335.62,38,68,728.0,0.0032,0.3162,0.035,0.1035
208,207,ZF047143057GM,SPRING SHOE RETURN UPPER(G46/400),486332.69,35,143,12421.0,0.0028,0.2906,0.0741,0.1034
209,208,ZF86AB71457GM,PAD WINGER NEW (NEW)(I31/8),1768477.8,34,129,1898.0,0.0099,0.2821,0.0668,0.1029
210,209,ZF04N121967GM,PAD KIT VISTA P,322389.5,37,86,694.0,0.0019,0.3077,0.0443,0.1021
211,210,ZF04N470647GM,GEAR OIL 80W90 (2.5 LTR),3193928.72,34,76,5378.0,0.0178,0.2821,0.0391,0.1013
212,211,ZF047141717GM,ADJUSTER LEVER LH(A.A),410962.33,35,124,8322.0,0.0024,0.2906,0.0642,0.1012
213,212,ZF04N173207GM,PAD KIT,244243.58,36,84,350.0,0.0014,0.2991,0.0433,0.0991
214,213,ZF86AB73417GM,KBX  PAD KIT,219282.23,36,84,545.0,0.0013,0.2991,0.0433,0.099
215,214,ZF047149327GM,WHEEL BRAKE CYLINDER; YR-9 Ø15.87,275298.57,35,99,821.0,0.0016,0.2906,0.0511,0.0982
216,215,ZF047167857GM,WC S/A PENGUINE RR(K51/100),949835.41,33,130,2833.0,0.0053,0.2735,0.0673,0.0982
217,216,ZF047143687GM,LEVER RET SPRING(A.A),191942.26,34,117,8351.0,0.0011,0.2821,0.0605,0.0973
218,217,ZF04N506387GM,PAD KIT; SCOR_PIO S7_S11,1651065.26,31,146,1922.0,0.0092,0.2564,0.0756,0.0967
219,218,ZF04N255887GM,RBC PAD KIT CMFA,401318.83,35,77,325.0,0.0023,0.2906,0.0396,0.0963
220,219,ZF04N120457GM,Shoe Kit_Nano Rr,211730.32,35,77,504.0,0.0012,0.2906,0.0396,0.0957
221,220,ZF04L804897GM,Brake Pad Assy,718323.4,34,88,736.0,0.0041,0.2821,0.0454,0.0957
222,221,ZF04L756787GM,Bal Three Wheeler Shoe CNG(I28/15),939919.64,32,131,6248.0,0.0053,0.265,0.0678,0.0957
223,222,ZF86AB73357GM,KBX  PAD KIT,178679.15,35,77,363.0,0.0011,0.2906,0.0396,0.0956
224,223,ZF047138637GM,BACKPLATE ASSLY LH,386316.96,35,70,1293.0,0.0022,0.2906,0.036,0.0955
225,224,ZF04N603507TB,Brake Pad_Tru Blue,459612.25,34,91,503.0,0.0026,0.2821,0.0469,0.0953
226,225,ZF04L973927TG,ROTOR ( SANT_RO XI_NG),267210.79,35,71,403.0,0.0016,0.2906,0.0365,0.0953
227,226,ZF86AB77687GM,SHOE KIT,238030.05,35,67,389.0,0.0014,0.2906,0.0344,0.0948
228,227,ZF86AB75037GM,REPAIR KIT ADJ.RH(J74/250),657907.41,31,134,5222.0,0.0037,0.2564,0.0694,0.0927
229,228,ZF04L886887GM,Lining KIT (STD),289652.21,33,93,916.0,0.0017,0.2735,0.048,0.0925
230,229,ZF86AB76047GM,SHOE KIT,350601.89,33,86,430.0,0.002,0.2735,0.0443,0.0919
231,230,ZF04N134617GM,PAD KIT MAXIMO,398254.25,33,83,712.0,0.0023,0.2735,0.0428,0.0917
232,231,ZF86AB70587GM,REPAIR KIT ADJ LH(J31/250),465345.58,32,102,3843.0,0.0027,0.265,0.0527,0.0914
233,232,ZF047141727GM,ADJUSTER LEVER RH(A.A),252098.23,33,82,5342.0,0.0015,0.2735,0.0423,0.0912
234,233,ZF043184677GM,BRIDGE LH(A.A),257939.81,33,81,5977.0,0.0015,0.2735,0.0417,0.0911
235,234,ZF04N187507GM,EP - 90 Gear Fluid 500 ml,2606513.15,31,67,5302.0,0.0145,0.2564,0.0344,0.0911
236,235,ZF04N211337GM,PAD KIT  (FIEST_A),802713.0700000001,32,85,1424.0,0.0045,0.265,0.0438,0.0905
237,236,ZF04N223057GM,GEAR OIL 80W90 (1 LTR),1462800.02,31,61,4734.0,0.0082,0.2564,0.0313,0.0873
238,237,ZF04N244227TG,IAM BRAKE DISC S-CROSS/BREZA/SX4,248647.56,32,68,236.0,0.0015,0.265,0.035,0.0872
239,238,ZF86AB75047GM,REPAIR KIT ADJ. LH(J75/250),617072.63,29,130,5283.0,0.0035,0.2393,0.0673,0.087
240,239,ZF86AB72787GM,LINING KIT STD 207(I33/20),421492.95,31,84,1449.0,0.0024,0.2564,0.0433,0.0868
241,240,ZF047166417GM,WC ASSLY MODEL P 19.05,224012.77,32,63,627.0,0.0013,0.265,0.0323,0.0866
242,241,ZF86AB75107GM,MINOR KIT W/C RR.(J78/500),273039.88,30,102,5502.0,0.0016,0.2479,0.0527,0.0857
243,242,ZF04L688567GM,PAD KIT,147250.03,32,54,399.0,0.0009,0.265,0.0276,0.0855
244,243,ZF04L973867TG,ROTOR (DO_ST),458782.08,30,91,506.0,0.0026,0.2479,0.0469,0.0851
245,244,ZF047138647GM,BACKPLATE ASSLY RH,374264.03,31,57,1253.0,0.0021,0.2564,0.0292,0.0838
246,245,ZF04N108627GM,SHOE KIT (CMFA+),348523.27,30,71,551.0,0.002,0.2479,0.0365,0.0827
247,246,ZF04N172937GM,PAD KIT,316259.9,30,71,445.0,0.0018,0.2479,0.0365,0.0826
248,247,ZF86AB73207GM,KBX  PAD KIT,168708.37,30,68,346.0,0.001,0.2479,0.035,0.0819
249,248,ZF04L82555KIT,"TMC ASSLY, WITH RES.&FLWI BOLERO",2789272.34,26,96,1669.0,0.0156,0.2137,0.0496,0.0818
250,249,ZF86AB77437GM,KIT SLIDING PIN TWIN POT,1121920.97,27,114,3181.0,0.0063,0.2222,0.0589,0.0816
251,250,ZF047143487GM,RETURN SPRING FIXED POINT,238936.68,28,112,9692.0,0.0014,0.2308,0.0579,0.0815
252,251,ZF04N173167GM,PAD KIT,230371.95,30,57,278.0,0.0014,0.2479,0.0292,0.0809
253,252,ZF86AB77287GM,KIT SHOE HOLD DOWN(J103/250),134315.58,29,74,2018.0,0.0008,0.2393,0.0381,0.0798
254,253,ZF04N155377TG,ROTOR (XUV Rr),311676.0,29,62,206.0,0.0018,0.2393,0.0318,0.0791
255,254,ZF04L973877TG,ROTOR ( DUST_ER NEW),282599.66,29,60,236.0,0.0016,0.2393,0.0308,0.0788
256,255,ZF04L69675KIT,RESERVOIR WITH CAP,292599.76,27,108,3545.0,0.0017,0.2222,0.0558,0.0787
257,256,ZF04N155617TG,ROTOR (Beat),153410.81,29,54,194.0,0.0009,0.2393,0.0276,0.0778
258,257,ZF04N261765IC,IGNITION COIL,952614.01,28,53,815.0,0.0054,0.2308,0.0271,0.0773
259,258,ZF86AB70577GM,REPAIR KIT ADJ RH(J30/250),387030.71,27,91,3070.0,0.0022,0.2222,0.0469,0.0772
260,259,ZF04L718547GM,Pad Kit W105(I27/8),1102395.56,26,93,694.0,0.0062,0.2137,0.048,0.0768
261,260,ZF04N129287TG,ROTOR (MAX PASSENGER),877975.74,26,98,1386.0,0.0049,0.2137,0.0506,0.0767
262,261,ZF04N66574AST,GEAR OIL BOTTLE (80W90) (2.5 ltr),2562524.58,26,45,3336.0,0.0143,0.2137,0.023,0.0758
263,262,ZF04N155547TG,ROTOR (Pola / Vento),202653.57,28,56,207.0,0.0012,0.2308,0.0287,0.0756
264,263,ZF04L67478KIT,"MAJOR KIT TMC, PVPL APE-501",1142805.46,27,54,2395.0,0.0064,0.2222,0.0276,0.0754
265,264,ZF04L667127GM,W/C ASSY.W105 (K60/25),597154.4,27,68,926.0,0.0034,0.2222,0.035,0.0754
266,265,ZF047427147GM,U-203 W/C (K55/25),590490.0,26,92,1127.0,0.0034,0.2137,0.0475,0.0753
267,266,ZF04N543657TG,Rotor Ama_ze,192878.92,28,52,248.0,0.0011,0.2308,0.0266,0.0751
268,267,ZF04L688617GM,PAD KIT,198874.25,28,51,165.0,0.0012,0.2308,0.0261,0.075
269,268,ZF04N528967GM,3W ENGINE OIL 15W40 CH4 (1 LTR),2696645.38,24,82,6021.0,0.015,0.1966,0.0423,0.0749
270,269,ZF04L888837GM,LINING KIT (OS),280076.28,27,70,813.0,0.0016,0.2222,0.036,0.0747
271,270,ZF04N632207GM,PAD KIT; SCORPI_O N FRT,968536.92,27,51,619.0,0.0054,0.2222,0.0261,0.0746
272,271,ZF86AB75267GM,"MINOR KIT, DISC BRAKE(J82/150)",184697.23,26,85,1663.0,0.0011,0.2137,0.0438,0.0734
273,272,ZF04L994557GM,Wheel Cylinder assly Ø19.05-CMFA+,114900.57,27,54,367.0,0.0007,0.2222,0.0276,0.0726
274,273,ZF04N244287TG,IAM BRAKE DISC HYUNDAI I10 GRAND /XCENT,130734.97,27,47,184.0,0.0008,0.2222,0.024,0.0719
275,274,ZF86AB77497GM,Shoe Kit (I63/2),308357.02,27,39,192.0,0.0018,0.2222,0.0198,0.0715
276,275,ZF04N603997TB,Brake Pad_Tru Blue,238318.3,26,63,317.0,0.0014,0.2137,0.0323,0.0713
277,276,ZF043189857GM,WC ASSLY M & M IDEM(k29/25),265487.92,26,57,408.0,0.0015,0.2137,0.0292,0.0707
278,277,ZF04N200677TG,ROTOR (S2),289757.22,26,52,161.0,0.0017,0.2137,0.0266,0.0703
279,278,ZF043185937GM,W/C ASSY.MOBILE (22.225)(K13/25),275456.93,26,52,546.0,0.0016,0.2137,0.0266,0.0702
280,279,ZF04N155437TG,ROTOR (Etio_S),220326.59,26,47,202.0,0.0013,0.2137,0.024,0.0695
281,280,ZF04N543597TG,Rotor Bolro+,253440.51,26,45,152.0,0.0015,0.2137,0.023,0.0694
282,281,ZF04L71193KIT,SERVICE KIT; MINOR BTL MINIDOOR,623464.7,23,106,4821.0,0.0035,0.188,0.0548,0.0691
283,282,ZF86AB74347GM,MINOR KIT W/C.(J65/100),77480.82,25,66,1352.0,0.0005,0.2051,0.0339,0.0686
284,283,ZF86AB75367GM,KIT SHOE HOLD-DOWN(J85/250),131030.66,25,62,2457.0,0.0008,0.2051,0.0318,0.0683
285,284,ZF86AB73497GM,KBX  PAD KIT,80366.22,26,37,130.0,0.0005,0.2137,0.0188,0.0681
286,285,ZF04L67477KIT,"MAJOR KIT TMC DIA 19.05,IAM BAL 3W IAM",1110692.78,24,52,2771.0,0.0062,0.1966,0.0266,0.0674
287,286,ZF04N35650KIT,TMC ASSEMBLY WO RESERVOIR ACE_P,254654.13,25,50,195.0,0.0015,0.2051,0.0256,0.0674
288,287,ZF04L71192KIT,MINOR KIT TMC OMNI KIT567,512728.52,23,78,3853.0,0.0029,0.188,0.0402,0.0659
289,288,ZF04N601247TB,Brake Pad_Tru Blue,252659.85,24,50,228.0,0.0015,0.1966,0.0256,0.0648
290,289,ZF04N591935FP,FUEL PUMP MODULE,1158166.86,23,50,346.0,0.0065,0.188,0.0256,0.0648
291,290,ZF04N244217TG,"BRAKE DISC M&M SCORPIO S(S4,S6,S8,S10)",255687.63,24,46,161.0,0.0015,0.1966,0.0235,0.0644
292,291,ZF04N543627TG,Rotor Ertiga IInd Gen XL,175380.68,24,48,153.0,0.001,0.1966,0.0245,0.0644
293,292,ZF86AB77667GM,SHOE KIT,123220.55,24,44,209.0,0.0008,0.1966,0.0224,0.0638
294,293,ZF86AB77267GM,SHOE KIT(Scorpio),781362.15,23,35,425.0,0.0044,0.188,0.0177,0.0622
295,294,ZF04N65834AST,BLUE COOLANT BOTTLE (1 LTR),414328.15,23,41,3651.0,0.0024,0.188,0.0209,0.0618
296,295,ZF047126127GM,CALIPER ASSEMBLY LH (R)(H42/2),5465483.53,17,52,1749.0,0.0304,0.1368,0.0266,0.0616
297,296,ZF04N603587TB,Brake Pad_Tru Blue,213236.81,23,43,166.0,0.0013,0.188,0.0219,0.0614
298,297,ZF04L927687GM,SHOCK ABS OIL 350ml,1316243.39,21,62,6028.0,0.0074,0.1709,0.0318,0.0613
299,298,ZF04L688587GM,PAD KIT Maximo,134026.85,23,44,256.0,0.0008,0.188,0.0224,0.0613
300,299,ZF04N223097GM,GEAR OIL 85W140 - 1LTR,566426.54,22,54,2420.0,0.0032,0.1795,0.0276,0.061
301,300,ZF043189267GM,BACK PLATE COMP. LH(H24/8),119153.13,23,39,191.0,0.0007,0.188,0.0198,0.0607
302,301,ZF86AB73657GM,REPAIR KIT ADJUSTER LH(J50/50),665018.18,22,47,2720.0,0.0038,0.1795,0.024,0.0605
303,302,ZF04N65848AST,2W ENGINE OIL BOTTLE 20W40 (4T) (900 ml),3988730.64,18,49,5004.0,0.0222,0.1453,0.025,0.0597
304,303,ZF04L688597GM,PAD kit,190434.81,22,46,380.0,0.0011,0.1795,0.0235,0.0591
305,304,ZF04N604377TB,Brake Pad_Tru Blue,126546.15,22,46,153.0,0.0008,0.1795,0.0235,0.0589
306,305,ZF04N307077TG,ROTOR (INN_OVA CRY_STA),212245.05,22,42,105.0,0.0012,0.1795,0.0214,0.0587
307,306,ZF043186017GM,W/C ASSLY. FR(22.2 mm)(RING TYPE SEAL),287520.7,22,39,842.0,0.0017,0.1795,0.0198,0.0586
308,307,ZF04L973917TG,Rotor (I_TWENTY),120850.86,22,42,129.0,0.0007,0.1795,0.0214,0.0585
309,308,ZF04N468677GM,RADIATOR COOLANT GREEN 1 LTR,2151188.35,19,58,5641.0,0.012,0.1538,0.0297,0.0581
310,309,ZF04N460557GM,PAD KIT; IAM XUV 300 REAR,102906.13,22,36,130.0,0.0006,0.1795,0.0183,0.0578
311,310,ZF04N129227TG,ROTOR (EON),91630.82,22,35,132.0,0.0006,0.1795,0.0177,0.0577
312,311,ZF043189677TG,Rotor,189810.87,21,54,175.0,0.0011,0.1709,0.0276,0.0574
313,312,ZF04N330975SK,SHOCK ABSORBER FORTU_NER FR/FL,2756782.08,19,27,1064.0,0.0154,0.1538,0.0136,0.0566
314,313,ZF04L71559KIT,CMC MINOR Kit,103420.23,21,46,1106.0,0.0006,0.1709,0.0235,0.0563
315,314,ZF04L688307GM,"PAD KIT, GM EN_JOY",131757.68,21,45,139.0,0.0008,0.1709,0.023,0.0563
316,315,ZF04L821637GM,W/C ASSEMBLY DIA 22.225 TML Q501-502,138718.88999999998,21,43,237.0,0.0008,0.1709,0.0219,0.0561
317,316,ZF04N601947TB,Brake Pad_Tru Blue,223342.78,21,39,147.0,0.0013,0.1709,0.0198,0.0559
318,317,ZF04N263295FP,IN-TANK FUEL PUMP,188492.97,21,36,195.0,0.0011,0.1709,0.0183,0.0555
319,318,ZF04L973907TG,ROTOR ( I_10),78927.97,21,37,119.0,0.0005,0.1709,0.0188,0.0553
320,319,ZF04N543737TG,Rotor Dost+,149637.85,21,35,156.0,0.0009,0.1709,0.0177,0.0553
321,320,ZF047126167GM,CALIPER ASSEMBLY RH (H43/2),5890294.14,14,54,1912.0,0.0328,0.1111,0.0276,0.0553
322,321,ZF04N543647TG,Rotor Trib_er,114011.24,21,35,132.0,0.0007,0.1709,0.0177,0.0552
323,322,ZF04N263345FP,IN-TANK FUEL PUMP,118539.88,21,32,95.0,0.0007,0.1709,0.0162,0.0549
324,323,ZF04N543617TG,Rotor Bada Dos_t,172147.09,21,29,109.0,0.001,0.1709,0.0146,0.0547
325,324,ZF04N244277TG,IAM BRAKE DISC HYUNDAI CRETA,164236.18,21,29,100.0,0.001,0.1709,0.0146,0.0547
326,325,ZF04L701577TG,Rotor Tavera,143401.51,20,50,168.0,0.0009,0.1624,0.0256,0.0543
327,326,ZF86AB77707GM,SHOE KIT,105560.81,20,46,418.0,0.0007,0.1624,0.0235,0.0537
328,327,ZF04N509937GM,PAD KITAMAZE TYPE 2,212480.79,20,43,240.0,0.0013,0.1624,0.0219,0.0537
329,328,ZF04L688357GM,PAD KIT,70503.47,20,41,146.0,0.0005,0.1624,0.0209,0.0531
330,329,ZF86AB75557GM,PAD KIT,163463.11000000002,20,37,420.0,0.001,0.1624,0.0188,0.053
331,330,ZF04N292605FP,In tank Fuel Pump Bea_t Diesel,144663.6,20,36,112.0,0.0009,0.1624,0.0183,0.0528
332,331,ZF04N52895KIT,3W ENGINE OIL 15W40 CH4 (500 ml),2860785.51,16,56,5154.0,0.016,0.1282,0.0287,0.0522
333,332,ZF86AB75707GM,MINOR KIT W/C(J88/250),69582.24,19,53,1499.0,0.0005,0.1538,0.0271,0.0518
334,333,ZF04L688397GM,"PAD KIT, IAM FIAT LINEA II",274092.51,19,43,172.0,0.0016,0.1538,0.0219,0.0513
335,334,ZF86AB76037GM,SHOE KIT,201756.2,19,44,235.0,0.0012,0.1538,0.0224,0.0512
336,335,ZF04N581207GM,SHOE KIT; IAM FORTUNER,260345.16,19,42,166.0,0.0015,0.1538,0.0214,0.0512
337,336,ZF04N509987GM,"PAD KIT, AMA_ZE TYPE 2",210042.19,19,42,269.0,0.0012,0.1538,0.0214,0.0511
338,337,ZF04L82050KIT,CSC MINOR Kit,113768.43,19,36,955.0,0.0007,0.1538,0.0183,0.0502
339,338,ZF04N307167TG,ROTOR (SUPER CARRY),94653.96,19,35,156.0,0.0006,0.1538,0.0177,0.05
340,339,ZF04N460537GM,PAD WITH SHIM KIT; IAM XUV 300 FRONT,164263.77,19,33,123.0,0.001,0.1538,0.0167,0.05
341,340,ZF04L973887TG,ROTOR ( CI_TY TYPE 1 & AMA_ZE),125645.16,19,34,128.0,0.0008,0.1538,0.0172,0.05
342,341,ZF043189277GM,BACK PLATE COMP. RH(H25/8),108985.18,19,34,178.0,0.0007,0.1538,0.0172,0.0499
343,342,ZF86AB73317GM,KBX GREEN PAD KIT,67851.88,19,35,146.0,0.0004,0.1538,0.0177,0.0499
344,343,ZF86AB73327GM,KBX  PAD KIT,192941.67,18,52,373.0,0.0011,0.1453,0.0266,0.0495
345,344,ZF04N129737GM,PAD KIT SCORPIO CRDE,127516.84,19,29,150.0,0.0008,0.1538,0.0146,0.0495
346,345,ZF04L929877TG,Rotor (Scorpio CRDI),111213.5,19,28,90.0,0.0007,0.1538,0.0141,0.0493
347,346,ZF04N573327GM,SHOE KIT; IAM ENJOY,126288.73,18,49,160.0,0.0008,0.1453,0.025,0.049
348,347,ZF04N330985SK,SHOCK ABSORBER  FORTU_NER RR/ RL,871695.51,18,27,500.0,0.0049,0.1453,0.0136,0.0488
349,348,ZF86AB75027GM,MINOR KIT W/C RR.(J73/500),33631.7,18,49,1361.0,0.0003,0.1453,0.025,0.0487
350,349,ZF043180027GM,HOSE ASSEMBLY FRONT,99397.22,18,47,439.0,0.0006,0.1453,0.024,0.0487
351,350,ZF04N468687GM,RADIATOR COOLANT RED 1 LTR,340137.47,18,40,2767.0,0.002,0.1453,0.0203,0.0486
352,351,ZF04N496357GM,4W ENGINE OIL BOTTLE 5W30 (1 LTR),501383.49,18,34,1583.0,0.0029,0.1453,0.0172,0.0485
353,352,ZF04N498727GM,4W ENGINE OIL 5W30 (3.5 LTR),1097672.61,17,39,1171.0,0.0062,0.1368,0.0198,0.0481
354,353,ZF86AB76027GM,SHOE KIT,675140.33,17,49,1155.0,0.0038,0.1368,0.025,0.0479
355,354,ZF04L644317GM,"WC ASSLY LH,INDIGO,IAM,non anodised body",77928.82,18,40,247.0,0.0005,0.1453,0.0203,0.0479
356,355,ZF04N155367TG,ROTOR (XUV Frt),157121.33,18,30,89.0,0.0009,0.1453,0.0151,0.0471
357,356,ZF04N543607TG,Rotor Scorpio S7_S9_S11,164292.95,18,29,99.0,0.001,0.1453,0.0146,0.047
358,357,ZF04N244237TG,IAM BRAKE DISC KWID/NISSAN REDI-GO,75755.02,18,30,103.0,0.0005,0.1453,0.0151,0.0469
359,358,ZF047143457GM,SPRING SHOE RETURN ANCHOR PT(G58/400),131624.91,17,53,4280.0,0.0008,0.1368,0.0271,0.0469
360,359,ZF04N591925FP,FUEL PUMP MODULE,656250.95,17,39,179.0,0.0037,0.1368,0.0198,0.0468
361,360,ZF048087947GM,WHEEL CYLINDER Model K,139959.91,17,50,426.0,0.0008,0.1368,0.0256,0.0466
362,361,ZF04N528987GM,3W ENGINE OIL 15W40 CH4 (3 LTR),981638.4,16,52,1617.0,0.0055,0.1282,0.0266,0.0465
363,362,ZF04N599747TB,Brake Pad_Tru Blue,197782.52,18,23,143.0,0.0012,0.1453,0.0115,0.0465
364,363,ZF04N155587TG,ROTOR (Eco_Sport),103122.23,18,23,72.0,0.0006,0.1453,0.0115,0.0462
365,364,ZF04N264635SS,WHEEL SPEED SENSORS,220379.14,17,43,354.0,0.0013,0.1368,0.0219,0.0461
366,365,ZF04N264645SS,WHEEL SPEED SENSORS,191266.89,17,41,310.0,0.0011,0.1368,0.0209,0.0458
367,366,ZF04N216677GM,EP - 90 Gear Fluid 26 ltr,6230603.3,10,52,1177.0,0.0347,0.0769,0.0266,0.0457
368,367,ZF047173777GM,W/C ASSY. RH(19.05)(K54/25),516267.71,16,56,1737.0,0.0029,0.1282,0.0287,0.0457
369,368,ZF04N66506AST,GREEN COOLANT BOTTLE (5 ltr),739291.5,16,44,2132.0,0.0042,0.1282,0.0224,0.045
370,369,ZF86AB70367GM,MINOR KIT W/C RR(J26/250),35266.7,17,37,583.0,0.0003,0.1368,0.0188,0.0449
371,370,ZF04N601307TB,Brake Pad_Tru Blue,148327.87,17,33,101.0,0.0009,0.1368,0.0167,0.0448
372,371,ZF047452997GM,BACK PLATE COMPLETE REAR RH,77229.92,17,34,227.0,0.0005,0.1368,0.0172,0.0447
373,372,ZF04L644307GM,"WC ASSLY RH INDIGO,IAM,non anodised body",78476.42,17,31,247.0,0.0005,0.1368,0.0156,0.0444
374,373,ZF86AB74157GM,SHOE KIT(I42/20),79131.22,17,29,348.0,0.0005,0.1368,0.0146,0.0442
375,374,ZF04L688427GM,"PAD KIT, IAM HONDA CIVIC FRONT",114533.02,17,28,82.0,0.0007,0.1368,0.0141,0.0442
376,375,ZF04N632497TG,Rotor (ScorpionN),196790.95,17,25,80.0,0.0012,0.1368,0.0125,0.0441
377,376,ZF04L774627GM,Pad Kit XENON,95514.53,17,23,89.0,0.0006,0.1368,0.0115,0.0436
378,377,ZF04N264665SS,WHEEL SPEED SENSORS,258128.56,16,43,353.0,0.0015,0.1282,0.0219,0.0436
379,378,ZF04N264655SS,WHEEL SPEED SENSORS,209837.48,16,43,338.0,0.0012,0.1282,0.0219,0.0435
380,379,ZF04N66497AST,GREEN COOLANT BOTTLE (3 ltr),435076.61,16,33,1678.0,0.0025,0.1282,0.0167,0.043
381,380,ZF043188777GM,WC ASSLY REGC LH (R PUNCH),338047.58,16,32,1117.0,0.0019,0.1282,0.0162,0.0427
382,381,ZF04N139417GM,Power Steering Fluid 5L,789454.0,15,42,931.0,0.0045,0.1197,0.0214,0.0424
383,382,ZF86AB78237GM,PAD KIT MINOR HM (I68/20),277368.75,15,55,436.0,0.0016,0.1197,0.0282,0.0423
384,383,ZF04N155387TG,ROTOR (Traveller),165803.17,16,31,106.0,0.001,0.1282,0.0156,0.0421
385,384,ZF04N244257TG,IAM BRAKE DISC HONDA CITY TYPE VIII,186496.09,16,30,162.0,0.0011,0.1282,0.0151,0.042
386,385,ZF04N599377TC,Brake Pad_Tru Blue CERAMIC,96496.32,16,30,76.0,0.0006,0.1282,0.0151,0.0418
387,386,ZF04N601217TB,Brake Pad_Tru Blue,243881.45,16,25,187.0,0.0014,0.1282,0.0125,0.0417
388,387,ZF04L973857TG,ROTOR ( ACE SUPER_ACE & VEN_TURE),82826.22,16,29,134.0,0.0005,0.1282,0.0146,0.0416
389,388,ZF04L71195KIT,MINOR KIT-TMC,55009.26,16,29,373.0,0.0004,0.1282,0.0146,0.0416
390,389,ZF047155427GM,BLEEDER SCREW,140407.09,15,51,3824.0,0.0009,0.1197,0.0261,0.0415
391,390,ZF04N603467TB,Brake Pad_Tru Blue,93402.27,16,27,99.0,0.0006,0.1282,0.0136,0.0415
392,391,ZF043186007GM,W/C ASSLY. RR (K15/40),773425.99,15,32,1948.0,0.0044,0.1197,0.0162,0.0413
393,392,ZF04N307037TG,ROTOR,74286.28,16,25,81.0,0.0005,0.1282,0.0125,0.0412
394,393,ZF04N260734RL,DUAL HEAD LAMP RELAY,1473617.94,14,35,2668.0,0.0083,0.1111,0.0177,0.041
395,394,ZF04N22286KIT,TMC ASSEMBLY APE 501 CNG,480295.42,15,30,404.0,0.0027,0.1197,0.0151,0.0403
396,395,ZF04N173177GM,PAD KIT,89263.46,15,36,115.0,0.0006,0.1197,0.0183,0.0398
397,396,ZF047484097GM,AUTO ADJUSTER KIT LH,79257.97,15,36,327.0,0.0005,0.1197,0.0183,0.0398
398,397,ZF047484427GM,NANO FRT SHOE KIT (KBX4027)(I14/12),191484.67,15,32,310.0,0.0011,0.1197,0.0162,0.0397
399,398,ZF04N263315FP,IN-TANK FUEL PUMP,156408.93,15,32,147.0,0.0009,0.1197,0.0162,0.0396
400,399,ZF04N65847AST,2W ENGINE OIL BOTTLE 10W30 (4T) (1 ltr),1217488.38,14,28,2300.0,0.0068,0.1111,0.0141,0.0396
401,400,ZF04N605417TB,Brake Pad_Tru Blue,401836.43,14,48,271.0,0.0023,0.1111,0.0245,0.0394
402,401,ZF04N200817TG,ROTOR (Mic_ra),124292.36,15,30,140.0,0.0008,0.1197,0.0151,0.0393
403,402,ZF04L688627GM,"PAD KIT, Frt,Fortuner",124400.52,15,27,82.0,0.0008,0.1197,0.0136,0.039
404,403,ZF04L732877GM,SHOE KIT WITH PIN,103840.33,15,27,129.0,0.0006,0.1197,0.0136,0.0389
405,404,ZF86AB73487GM,KBX  PAD KIT,52294.14,15,28,104.0,0.0004,0.1197,0.0141,0.0389
406,405,ZF04N307177TG,ROTOR,94838.71,15,26,125.0,0.0006,0.1197,0.013,0.0388
407,406,ZF04N129257TG,ROTOR (XYLO RH),69520.15,15,26,57.0,0.0005,0.1197,0.013,0.0387
408,407,ZF04N601787TB,Brake Pad_Tru Blue,137118.16,15,24,118.0,0.0008,0.1197,0.012,0.0387
409,408,ZF04L765977GM,WHEEL CYLINDER RH WITH BOLT (EQU),41416.49,15,26,134.0,0.0003,0.1197,0.013,0.0387
410,409,ZF04N307087TG,ROTOR (FLU_ENCE/ DUS_TER PLUS / DUS_TER),93656.86,15,23,68.0,0.0006,0.1197,0.0115,0.0385
411,410,ZF04N632527TG,Rotor (Swi_ft),156424.38,15,21,132.0,0.0009,0.1197,0.0104,0.0385
412,411,ZF04N598747TB,Brake Pad_Tru Blue,95501.62,15,22,61.0,0.0006,0.1197,0.011,0.0384
413,412,ZF04N632537TG,Rotor (X_UV700),126499.82,15,20,64.0,0.0008,0.1197,0.0099,0.0383
414,413,ZF04N603157TB,Brake Pad_Tru Blue,103803.29,15,20,123.0,0.0006,0.1197,0.0099,0.0382
415,414,ZF04N601987TB,Brake Pad_Tru Blue,100070.22,15,19,69.0,0.0006,0.1197,0.0094,0.0381
416,415,ZF04N65846AST,2W ENGINE OIL BOTTLE 10W30 (4T) (900 ml),1160931.2,13,33,2796.0,0.0065,0.1026,0.0167,0.0374
417,416,ZF04N65849AST,2W ENGINE OIL BOTTLE 20W40 (4T) (1 ltr),1325517.6,13,23,2186.0,0.0074,0.1026,0.0115,0.0368
418,417,ZF04L705757GM,KIT PAD WITHOUT SPRING (R808)W201(I24/8),80345.52,14,29,94.0,0.0005,0.1111,0.0146,0.0365
419,418,ZF04N307107TG,ROTOR (VE_RNA FLU_DIC),96732.44,14,24,106.0,0.0006,0.1111,0.012,0.036
420,419,ZF04N460487GM,SHOE KIT WITH SPRING HARRIER,190052.66,14,21,112.0,0.0011,0.1111,0.0104,0.036
421,420,ZF04N602287TB,Brake Pad_Tru Blue,50522.31,14,23,56.0,0.0004,0.1111,0.0115,0.0358
422,421,ZF04N119987GM,PAD KIT INDIGO TDI,39260.58,14,23,85.0,0.0003,0.1111,0.0115,0.0358
423,422,ZF04N263355FP,IN-TANK FUEL PUMP,77528.38,14,21,52.0,0.0005,0.1111,0.0104,0.0357
424,423,ZF04L765967GM,WHEEL CYLINDER LH WITH BOLT (EQU),37768.75,14,21,125.0,0.0003,0.1111,0.0104,0.0356
425,424,ZF04N543667TG,Rotor Son_et/ Ven_ue,72743.79000000001,14,20,60.0,0.0005,0.1111,0.0099,0.0356
426,425,ZF86AB77277GM,Lining kit SCORPIO [ STD] I60/20,92645.92,14,18,125.0,0.0006,0.1111,0.0089,0.0354
427,426,ZF04N307047TG,ROTOR,54360.33,14,19,40.0,0.0004,0.1111,0.0094,0.0354
428,427,ZF047454737GM,SHOE KIT,323159.32,13,35,243.0,0.0019,0.1026,0.0177,0.0352
429,428,ZF04N307017TG,ROTOR,48140.75,14,16,43.0,0.0003,0.1111,0.0078,0.0351
430,429,ZF04N223287GM,GEAR OIL 85W140 (5 LTR),331815.44999999995,13,32,324.0,0.0019,0.1026,0.0162,0.035
431,430,ZF04N187537GM,EP - 90 Gear Fluid 5   ltr,368435.08,13,28,406.0,0.0021,0.1026,0.0141,0.0346
432,431,ZF86AB75377GM,KIT SHOE HOLD-DOWN(J86/250),57587.44,13,33,1102.0,0.0004,0.1026,0.0167,0.0343
433,432,ZF047484087GM,AUTO ADJUSTER KIT RH,73342.09,13,31,300.0,0.0005,0.1026,0.0156,0.0341
434,433,ZF047144987GM,HOSE ASSY FRONT BRAKE (437mm),326161.91,13,24,351.0,0.0019,0.1026,0.012,0.0341
435,434,ZF86AB72907GM,KIT SLIDING PIN(J44/50),64601.16,13,26,360.0,0.0004,0.1026,0.013,0.0336
436,435,ZF04N599497TC,Brake Pad_Tru Blue CERAMIC,102719.71,13,24,63.0,0.0006,0.1026,0.012,0.0335
437,436,ZF04N263335FP,IN-TANK FUEL PUMP,99506.85,13,24,93.0,0.0006,0.1026,0.012,0.0335
438,437,ZF04N292955FP,In tank Fuel Pump Sup_ro,152335.41999999998,13,22,132.0,0.0009,0.1026,0.011,0.0334
439,438,ZF04N632517TG,Rotor (Bole_ro HD Long),170237.14,13,20,102.0,0.001,0.1026,0.0099,0.0333
440,439,ZF04N543637TG,Rotor KW_ID,50422.62,13,23,58.0,0.0004,0.1026,0.0115,0.0332
441,440,ZF04N603097TB,Brake Pad_Tru Blue,104717.72,13,20,129.0,0.0007,0.1026,0.0099,0.0331
442,441,ZF04N244247TG,IAM BRAKE DISC HONDA CITY TYPE V/ MOBILI,75536.29000000001,13,20,68.0,0.0005,0.1026,0.0099,0.033
443,442,ZF04N601727TB,Brake Pad_Tru Blue,80064.09,13,19,74.0,0.0005,0.1026,0.0094,0.0329
444,443,ZF86AB77167GM,MINOR KIT W/C(J99/100),170597.75,12,40,1182.0,0.001,0.094,0.0203,0.0328
445,444,ZF04N223077GM,GEAR OIL 80W90 (5 LTR),242073.93,12,35,296.0,0.0014,0.094,0.0177,0.0325
446,445,ZF04N498717GM,4W ENGINE OIL 5W30 (3 LTR),1182670.3,11,32,1190.0,0.0066,0.0855,0.0162,0.0322
447,446,ZF04N167357TG,ROTOR (M-Hawk With Sensor LH),116004.47,12,34,69.0,0.0007,0.094,0.0172,0.032
448,447,ZF047143337GM,STRUT SPRING LH,17196.149999999998,12,34,1215.0,0.0002,0.094,0.0172,0.0317
449,448,ZF04L929867TG,Rotor (Maximo Pick up),41714.8,12,20,72.0,0.0003,0.094,0.0099,0.0303
450,449,ZF86AB77517GM,Liner Kit (0.8 mm O/S)(I64/10),108880.28,12,18,87.0,0.0007,0.094,0.0089,0.0303
451,450,ZF04N543717TG,Rotor Harri_er,104977.02,12,18,55.0,0.0007,0.094,0.0089,0.0303
452,451,ZF04N263385FP,IN-TANK FUEL PUMP,49091.91,12,19,51.0,0.0003,0.094,0.0094,0.0303
453,452,ZF04N603547TB,Brake Pad_Tru Blue,82580.62,12,18,66.0,0.0005,0.094,0.0089,0.0302
454,453,ZF04N498737GM,4W ENGINE OIL BOTTLE 5W30 (5 LTR); IAM,484679.71,11,31,391.0,0.0028,0.0855,0.0156,0.0302
455,454,ZF04N445957GM,Engine Oil 2W 20W40 4T,1932611.82,9,41,3880.0,0.0108,0.0684,0.0209,0.0301
456,455,ZF04N643427TG,Rotor (Fro_nx),63990.83,12,13,54.0,0.0004,0.094,0.0063,0.0297
457,456,ZF86AB75657GM,PAD KIT (I55/20),420768.55,11,26,738.0,0.0024,0.0855,0.013,0.0295
458,457,ZF047163517GM,SHOE RETURN SPRING UPPER,231871.98,10,50,3663.0,0.0014,0.0769,0.0256,0.0289
459,458,ZF04N119217GM,PAD KIT CIV_IC CR_V,47607.73,11,28,62.0,0.0003,0.0855,0.0141,0.0286
460,459,ZF04N43716KIT,TMC ASSLY WITH RESERVOIR;IAM ALTO WAGONR,132135.74,11,22,106.0,0.0008,0.0855,0.011,0.0282
461,460,ZF047156257GM,STRUTASSY. LH,129426.68,11,22,538.0,0.0008,0.0855,0.011,0.0282
462,461,ZF04N306997TG,ROTOR,156695.85,11,21,79.0,0.0009,0.0855,0.0104,0.0282
463,462,ZF86AB72877GM,SHOE KIT(I35/2),73856.15000000001,11,23,58.0,0.0005,0.0855,0.0115,0.0282
464,463,ZF04N167367TG,ROTOR (M-Hawk With Sensor RH),90098.99,11,21,54.0,0.0006,0.0855,0.0104,0.028
465,464,ZF04N264785SS,WHEEL SPEED SENSORS,82912.85,11,21,92.0,0.0005,0.0855,0.0104,0.028
466,465,ZF86AB77427GM,MINOR KIT CALIPER TWIN POT(J105/25),47439.73,11,21,93.0,0.0003,0.0855,0.0104,0.0279
467,466,ZF04N322445FP,Fuel Pump Module Ecco,152801.7,11,18,70.0,0.0009,0.0855,0.0089,0.0279
468,467,ZF04N604417TB,Brake Pad_Tru Blue,42218.75,11,19,61.0,0.0003,0.0855,0.0094,0.0277
469,468,ZF04N543677TG,Rotor Selt_os,95739.02,11,17,46.0,0.0006,0.0855,0.0083,0.0276
470,469,ZF04N598997TB,Brake Pad_Tru Blue,88850.81999999999,11,17,78.0,0.0006,0.0855,0.0083,0.0276
471,470,ZF04N603427TB,Brake Pad_Tru Blue,65904.5,11,17,68.0,0.0004,0.0855,0.0083,0.0275
472,471,ZF86AB75597GM,MIN.KIT W/C RR.(J87/250),28310.03,11,18,686.0,0.0002,0.0855,0.0089,0.0275
473,472,ZF04L688467GM,"PAD KIT, IAM MAHINDRA  SCORPIO",55185.69,11,17,54.0,0.0004,0.0855,0.0083,0.0275
474,473,ZF04N261905IC,IGNITION COIL,88282.45,11,16,81.0,0.0006,0.0855,0.0078,0.0275
475,474,ZF04N632107TG,ROTOR_XUV 300 RR,51971.920000000006,11,15,44.0,0.0004,0.0855,0.0073,0.0273
476,475,ZF04N599827TB,Brake Pad_Tru Blue,43792.64,11,13,40.0,0.0003,0.0855,0.0063,0.0271
477,476,ZF04N244267TG,IAM BRAKE DISC HYUNDAI VERNA,40684.68,11,13,43.0,0.0003,0.0855,0.0063,0.027
478,477,ZF04N543587TG,Rotor XUV 300,36228.51,11,12,26.0,0.0003,0.0855,0.0057,0.0269
479,478,ZF047140137GM,PIN SHOE SET,16193.2,10,33,1292.0,0.0002,0.0769,0.0167,0.0265
480,479,ZF86AB77067GM,KIT SHOE HOLD DOWN(J96/250),68355.09,10,31,1668.0,0.0005,0.0769,0.0156,0.0264
481,480,ZF86AB75337GM,MINOR KIT W/C RR.(J84/250),28488.02,10,32,710.0,0.0002,0.0769,0.0162,0.0264
482,481,ZF04N545135IC,IGNITION COIL,180847.1,10,20,165.0,0.0011,0.0769,0.0099,0.0256
483,482,ZF04N601667TB,Brake Pad_Tru Blue,66230.07,10,21,47.0,0.0004,0.0769,0.0104,0.0254
484,483,ZF04N601627TB,Brake Pad_Tru Blue,63836.8,10,20,41.0,0.0004,0.0769,0.0099,0.0253
485,484,ZF86AB74197GM,KIT SLIDING PIN(J63/100),48413.04,10,20,258.0,0.0003,0.0769,0.0099,0.0252
486,485,ZF86AB77507GM,LINING KIT RAUS SPARE STD.(I64/10),118134.1,10,16,118.0,0.0007,0.0769,0.0078,0.025
487,486,ZF04L91083KIT,CMC WITH RES ASSY BOLERO (M12) Short,75386.19,10,16,110.0,0.0005,0.0769,0.0078,0.0249
488,487,ZF04N263325FP,IN-TANK FUEL PUMP,56643.76,10,15,48.0,0.0004,0.0769,0.0073,0.0247
489,488,ZF04N543707TG,Rotor Hec_tor,60859.92,10,14,30.0,0.0004,0.0769,0.0068,0.0246
490,489,ZF04N598917TB,Brake Pad_Tru Blue,39445.28,10,14,36.0,0.0003,0.0769,0.0068,0.0246
491,490,ZF04N307057TG,ROTOR,53219.03,10,13,52.0,0.0004,0.0769,0.0063,0.0245
492,491,ZF047156207GM,STRUT ASSY. RH.,58993.06,10,11,241.0,0.0004,0.0769,0.0052,0.0243
493,492,ZF86AB78327GM,MINOR KIT W/C RR. (20.64 mm),71231.37,9,33,550.0,0.0005,0.0684,0.0167,0.0241
494,493,ZF04N472977GM,SHOE KIT SUPER PLUS; M&M JEETO,121673.57,9,25,233.0,0.0007,0.0684,0.0125,0.0234
495,494,ZF04L789077TW,FIXED CALIPER ASSEMBLY Ø30 2W VESPA,310342.34,9,19,297.0,0.0018,0.0684,0.0094,0.0233
496,495,ZF04L688647GM,PAD KIT  Frt,77762.32,9,22,71.0,0.0005,0.0684,0.011,0.023
497,496,ZF04N468697GM,RADIATOR COOLANT BLUE 1 LTR,107917.82,9,21,997.0,0.0007,0.0684,0.0104,0.0229
498,497,ZF047484287GM,"KIT, SLIDING PIN(J10/100",34841.14,9,21,209.0,0.0003,0.0684,0.0104,0.0227
499,498,ZF04N604617TB,Brake Pad_Tru Blue,66747.40000000001,9,20,42.0,0.0004,0.0684,0.0099,0.0227
500,499,ZF86AB70457GM,MINOR KIT W/C(J27/250),31417.12,9,17,219.0,0.0002,0.0684,0.0083,0.0223
501,500,ZF04N261885IC,IGNITION COIL,56948.2,9,16,50.0,0.0004,0.0684,0.0078,0.0223
502,501,ZF04L688607GM,PAD  KIT,88004.09,9,15,67.0,0.0006,0.0684,0.0073,0.0223
503,502,ZF86AB70347GM,LINING KIT BT (STD)(I29/20),31019.8,9,16,112.0,0.0002,0.0684,0.0078,0.0222
504,503,ZF04N472987GM,PAD KIT; M&M JEETO,42812.37,9,15,40.0,0.0003,0.0684,0.0073,0.0221
505,504,ZF04N543747TG,Rotor For_tuner II,115559.3,9,13,48.0,0.0007,0.0684,0.0063,0.0221
506,505,ZF04N599337TB,Brake Pad_Tru Blue,51181.66,9,14,37.0,0.0004,0.0684,0.0068,0.022
507,506,ZF04N605177TC,Brake Pad_Tru Blue CERAMIC,48758.99,9,14,33.0,0.0003,0.0684,0.0068,0.022
508,507,ZF04N244207TG,IAM BRAKE DISC M&M VERITO,44198.45,9,14,45.0,0.0003,0.0684,0.0068,0.022
509,508,ZF04N261845IC,IGNITION COIL,81342.68,9,13,87.0,0.0005,0.0684,0.0063,0.022
510,509,ZF04N601347TB,Brake Pad_Tru Blue,75588.64,9,13,52.0,0.0005,0.0684,0.0063,0.022
511,510,ZF04N601417TB,Brake Pad_Tru Blue,47268.5,9,13,45.0,0.0003,0.0684,0.0063,0.0219
512,511,ZF047484117GM,SHOE HOLD DOWN KIT(J6/250),40436.24,9,13,632.0,0.0003,0.0684,0.0063,0.0219
513,512,ZF04N171477GM,PAD KIT,25474.61,9,13,31.0,0.0002,0.0684,0.0063,0.0219
514,513,ZF04N632457TG,ROTOR_WINGER,71180.66,9,11,52.0,0.0005,0.0684,0.0052,0.0218
515,514,ZF86AB72807GM,MINOR KIT CALIPER(j41/100),45831.21,9,11,223.0,0.0003,0.0684,0.0052,0.0217
516,515,ZF04N632567TG,Rotor (Int_ra),42691.19,9,11,30.0,0.0003,0.0684,0.0052,0.0217
517,516,ZF04N139407GM,Power Steering Fluid 20L,356242.63,8,27,110.0,0.002,0.0598,0.0136,0.0217
518,517,ZF04N438637GM,ENGINE OIL BOTTLE 20W40 (4T),1379988.18,7,24,2141.0,0.0077,0.0513,0.012,0.0217
519,518,ZF04N602857TB,Brake Pad_Tru Blue,56346.100000000006,9,10,37.0,0.0004,0.0684,0.0047,0.0216
520,519,ZF86AB77697GM,SHOE KIT,17535.95,9,11,42.0,0.0002,0.0684,0.0052,0.0216
521,520,ZF04N604577TB,Brake Pad_Tru Blue,34765.05,9,10,28.0,0.0003,0.0684,0.0047,0.0216
522,521,ZF04N187527GM,EP - 90 Gear Fluid 3   ltr,266661.11,8,22,480.0,0.0016,0.0598,0.011,0.0209
523,522,ZF047143347GM,STRUT SPRING RH,13339.16,8,25,905.0,0.0001,0.0598,0.0125,0.0205
524,523,ZF04N307067TG,ROTOR,224751.49,8,17,242.0,0.0013,0.0598,0.0083,0.0203
525,524,ZF04L929827TG,Rotor (207 DI),61820.21,8,20,66.0,0.0004,0.0598,0.0099,0.0201
526,525,ZF86AB74977GM,MINOR KIT W/C(J72/250),22550.42,8,21,370.0,0.0002,0.0598,0.0104,0.0201
527,526,ZF04N331015SK,SHOCK ABSORBER INNO_VA FL,193046.22,8,15,76.0,0.0011,0.0598,0.0073,0.02
528,527,ZF04N264825SS,WHEEL SPEED SENSORS,67776.78,8,18,74.0,0.0004,0.0598,0.0089,0.0199
529,528,ZF04N331005SK,SHOCK ABSORBER INNO_VA FR,195496.02,8,14,77.0,0.0012,0.0598,0.0068,0.0199
530,529,ZF04N603387TB,Brake Pad_Tru Blue,59185.58,8,16,55.0,0.0004,0.0598,0.0078,0.0197
531,530,ZF04N643337TG,Rotor (Xe_non 4x4),123824.48,8,14,80.0,0.0008,0.0598,0.0068,0.0197
532,531,ZF04N508057GM,4W ENGINE OIL BOTTLE 5W30 (2.5 LTR),289272.26,8,9,436.0,0.0017,0.0598,0.0042,0.0196
533,532,ZF04N603227TB,Brake Pad_Tru Blue,52582.45,8,14,48.0,0.0004,0.0598,0.0068,0.0195
534,533,ZF04N330995SK,SHOCK ABSORBER INNO_VA RR/RL,151424.2,8,11,84.0,0.0009,0.0598,0.0052,0.0194
535,534,ZF04L81866KIT,"TMC ASSLY, WITH RES. W/O FLWI",64552.26,8,13,81.0,0.0004,0.0598,0.0063,0.0194
536,535,ZF04N604457TB,Brake Pad_Tru Blue,97310.84,8,12,49.0,0.0006,0.0598,0.0057,0.0194
537,536,ZF043180037GM,HOSE ASSEMBLY REAR,15996.64,8,12,86.0,0.0002,0.0598,0.0057,0.0192
538,537,ZF04N603667TB,Brake Pad_Tru Blue,32990.64,8,11,34.0,0.0003,0.0598,0.0052,0.0191
539,538,ZF86AB75077GM,KIT SLIDING PIN(J76/100),19002.46,8,11,125.0,0.0002,0.0598,0.0052,0.0191
540,539,ZF04N603347TB,Brake Pad_Tru Blue,37371.32,8,10,32.0,0.0003,0.0598,0.0047,0.019
541,540,ZF04N322455FP,Fuel Pump Module Swift,61240.35,8,9,18.0,0.0004,0.0598,0.0042,0.019
542,541,ZF86AB77547GM,Minor Kit W/C (INCREMENTAL ADJ.),15455.83,8,10,177.0,0.0002,0.0598,0.0047,0.019
543,542,ZF047163537GM,STRUT SPRING LH,99249.8,7,29,2240.0,0.0006,0.0513,0.0146,0.0186
544,543,ZF04L90341KIT,PUSH ROD COMP ASSY,75788.8,7,27,1560.0,0.0005,0.0513,0.0136,0.0183
545,544,ZF04N599537TC,Brake Pad_Tru Blue CERAMIC,109127.23,7,25,88.0,0.0007,0.0513,0.0125,0.0182
546,545,ZF04L91082KIT,CMC WITH RES ASSY BOLERO (M12) Long,95557.23,7,24,136.0,0.0006,0.0513,0.012,0.0181
547,546,ZF04N187547GM,EP - 90 Gear Fluid 20 ltr,231560.59000000003,7,16,65.0,0.0014,0.0513,0.0078,0.0176
548,547,ZF04L722357GM,Drum Brake Assy LH,73786.9,7,18,36.0,0.0005,0.0513,0.0089,0.0174
549,548,ZF047163557GM,STRUT SPRING RH,59639.62,7,17,1359.0,0.0004,0.0513,0.0083,0.0173
550,549,ZF04N171487GM,PAD KIT,24772.57,7,16,34.0,0.0002,0.0513,0.0078,0.0171
551,550,ZF04N605337TC,Brake Pad_Tru Blue CERAMIC,61877.77,7,15,43.0,0.0004,0.0513,0.0073,0.0171
552,551,ZF04L688287GM,"PAD KIT, IAM SKODA OCTAVIA Rear",32951.43,7,14,35.0,0.0003,0.0513,0.0068,0.0169
553,552,ZF86AB75147GM,"MAJOR KIT,DISC BRAKE(J79/25)",24444.34,7,14,64.0,0.0002,0.0513,0.0068,0.0168
554,553,ZF86AB77307GM,LINING KIT (I61/20),49640.24,7,13,49.0,0.0003,0.0513,0.0063,0.0168
555,554,ZF04N470657GM,GEAR OIL 85W140 (2.5 LTR),217518.87,7,8,410.0,0.0013,0.0513,0.0037,0.0168
556,555,ZF047482097GM,SHOE KIT,16751.27,7,13,30.0,0.0002,0.0513,0.0063,0.0167
557,556,ZF04N260704RL,DUAL HEAD LAMP RELAY,49548.24,7,12,152.0,0.0003,0.0513,0.0057,0.0167
558,557,ZF04N600127TC,Brake Pad_Tru Blue CERAMIC,40889.74,7,11,34.0,0.0003,0.0513,0.0052,0.0166
559,558,ZF04N155417TG,ROTOR (Quali_S),25311.0,7,11,30.0,0.0002,0.0513,0.0052,0.0165
560,559,ZF86AB74147GM,MINOR KIT CALIPER(J60/100),13271.43,7,11,121.0,0.0001,0.0513,0.0052,0.0165
561,560,ZF04N643357TG,Rotor (T_UV300),47825.51,7,10,26.0,0.0003,0.0513,0.0047,0.0165
562,561,ZF04N598877TB,Brake Pad_Tru Blue,44148.53,7,10,40.0,0.0003,0.0513,0.0047,0.0165
563,562,ZF04N600417TC,Brake Pad_Tru Blue CERAMIC,59175.58,7,9,44.0,0.0004,0.0513,0.0042,0.0164
564,563,ZF04N171557GM,PAD KIT,21168.43,7,10,25.0,0.0002,0.0513,0.0047,0.0164
565,564,ZF047828877GM,Service kit; PAD ASSLY U203(I19/8),52887.67,7,9,35.0,0.0004,0.0513,0.0042,0.0164
566,565,ZF047452987GM,BACK PLATE COMPLETE REAR LH,30103.23,7,9,88.0,0.0002,0.0513,0.0042,0.0163
567,566,ZF04N643497TG,ROTOR_SCORPIO N (2022-NOW) RR,54624.2,7,8,30.0,0.0004,0.0513,0.0037,0.0163
568,567,ZF04N572797GM,SHOE KIT; IAM ACCENT PETROL,12109.4,7,9,25.0,0.0001,0.0513,0.0042,0.0163
569,568,ZF04N263405FP,IN-TANK FUEL PUMP,21436.120000000003,7,8,13.0,0.0002,0.0513,0.0037,0.0162
570,569,ZF04L921067GM,Auto Adjuster RH,14987.19,7,8,80.0,0.0002,0.0513,0.0037,0.0162
571,570,ZF04L973497GM,KIT FOR PAD S201 Fr Kit,51993.4,7,7,22.0,0.0004,0.0513,0.0031,0.0162
572,571,ZF86AB74187GM,KIT SHOE HOLD DOWN(J62/250),9545.33,7,8,225.0,0.0001,0.0513,0.0037,0.0162
573,572,ZF04N601187TB,Brake Pad_Tru Blue,28744.86,7,7,22.0,0.0002,0.0513,0.0031,0.0161
574,573,ZF04N603967TB,Bake Pad_Tru Blue,27501.6,7,7,22.0,0.0002,0.0513,0.0031,0.0161
575,574,ZF04N603267TB,Brake Pad_Tru Blue,23290.17,7,7,23.0,0.0002,0.0513,0.0031,0.0161
576,575,ZF04N129247TG,ROTOR (XYLO LH),13806.0,7,7,12.0,0.0001,0.0513,0.0031,0.0161
577,576,ZF04N503597GM,RADIATOR COOLANT GREEN 3 LTR,217337.11,6,20,719.0,0.0013,0.0427,0.0099,0.0154
578,577,ZF04L906347TW,SHOE KIT 2W,388344.62,6,12,878.0,0.0022,0.0427,0.0057,0.0151
579,578,ZF047068717GM,BRAKE RR RH ALFA(H38/4),289551.07,6,13,211.0,0.0017,0.0427,0.0063,0.0149
580,579,ZF04N503627GM,RADIATOR COOLANT GREEN 5 LTR,132882.76,6,13,357.0,0.0008,0.0427,0.0063,0.0145
581,580,ZF86AB73277GM,KBX  PAD KIT,19185.72,6,14,58.0,0.0002,0.0427,0.0068,0.0143
582,581,ZF04N543757TG,Rotor For_tuner Fr III,84793.36,6,12,28.0,0.0005,0.0427,0.0057,0.0142
583,582,ZF04N261815IC,IGNITION COIL,104983.13,6,11,75.0,0.0007,0.0427,0.0052,0.0142
584,583,ZF04N601597TB,Brake Pad_Tru Blue,48700.72,6,12,38.0,0.0003,0.0427,0.0057,0.0141
585,584,ZF04N223277GM,GEAR OIL 80W90 (3 LTR),74676.56,6,11,152.0,0.0005,0.0427,0.0052,0.0141
586,585,ZF043189767GM,D/Br.assly LH TATA CUB (H32/2),35127.8,6,12,17.0,0.0003,0.0427,0.0057,0.0141
587,586,ZF86AB74247GM,SHOE KIT(II43/2),103729.12,6,10,56.0,0.0006,0.0427,0.0047,0.0141
588,587,ZF047494947GM,RADIATOR COOLANT 500ML,122489.9,6,8,720.0,0.0008,0.0427,0.0037,0.0139
589,588,ZF04L81759KIT,RESERVOIR ASSY MINIDOOR,18687.97,6,10,120.0,0.0002,0.0427,0.0047,0.0138
590,589,ZF04N472967GM,SHOE HOLD DOWN KIT+SPRING KIT; M&M JEETO,7205.15,6,10,105.0,0.0001,0.0427,0.0047,0.0138
591,590,ZF04N598677TC,Brake Pad_Tru Blue CERAMIC,35930.17,6,9,29.0,0.0003,0.0427,0.0042,0.0138
592,591,ZF04N307007TG,ROTOR,26562.73,6,9,30.0,0.0002,0.0427,0.0042,0.0138
593,592,ZF86AB70017GM,BRAKE FLUID 1 LTR. DOT3 (Non Petroleum),55224.0,6,8,360.0,0.0004,0.0427,0.0037,0.0137
594,593,ZF04N603627TB,Brake Pad_Tru Blue,39789.67,6,8,31.0,0.0003,0.0427,0.0037,0.0137
595,594,ZF04N603137TB,Brake Pad_Tru Blue,30155.4,6,8,32.0,0.0002,0.0427,0.0037,0.0137
596,595,ZF04N503607GM,RADIATOR COOLANT RED 3 LTR,29011.01,6,8,114.0,0.0002,0.0427,0.0037,0.0137
597,596,ZF04N167417TG,ROTOR (Indica Vista /Manza),14726.4,6,8,20.0,0.0002,0.0427,0.0037,0.0136
598,597,ZF86AB74567GM,MINOR KIT W/C(J70/250),7760.51,6,8,122.0,0.0001,0.0427,0.0037,0.0136
599,598,ZF04N264695SS,WHEEL SPEED SENSORS,21209.06,6,7,31.0,0.0002,0.0427,0.0031,0.0135
600,599,ZF04N643367TG,Rotor (Cele_rio),19523.23,6,7,22.0,0.0002,0.0427,0.0031,0.0135
601,600,ZF04N264735SS,WHEEL SPEED SENSORS,19156.57,6,7,28.0,0.0002,0.0427,0.0031,0.0135
602,601,ZF04L906277TW,SHOE KIT 2W,502699.48,5,18,1474.0,0.0029,0.0342,0.0089,0.0135
603,602,ZF86AB77417GM,MAJOR KIT CALIPER TWIN POT(J104/25),22294.18,6,6,21.0,0.0002,0.0427,0.0026,0.0134
604,603,ZF04N264705SS,WHEEL SPEED SENSORS,10946.6,6,6,16.0,0.0001,0.0427,0.0026,0.0134
605,604,ZF04N58724KIT,GEAR OIL 75W90 GL 4 (2.5 LTR),290920.74,5,15,402.0,0.0017,0.0342,0.0073,0.0126
606,605,ZF047138657GM,BACKPLATE ASSLY FRT,376232.39,5,12,304.0,0.0022,0.0342,0.0057,0.0125
607,606,ZF04N187557GM,Power Steering Fluid 3L,178150.5,5,15,366.0,0.0011,0.0342,0.0073,0.0122
608,607,ZF047068707GM,BRAKE RR LH ALFA(F4/4),325196.37,5,10,237.0,0.0019,0.0342,0.0047,0.0121
609,608,ZF04N58723KIT,GEAR OIL 75W90 GL 4 (1 LTR),324785.56,5,9,546.0,0.0019,0.0342,0.0042,0.012
610,609,ZF86AB75947GM,MINOR KIT W/C(J92/250),11294.91,5,16,238.0,0.0001,0.0342,0.0078,0.0119
611,610,ZF04N261825IC,IGNITION COIL,156744.15999999997,5,11,110.0,0.0009,0.0342,0.0052,0.0118
612,611,ZF042146367GM,DJUSTER LEVER RH,16867.36,5,14,396.0,0.0002,0.0342,0.0068,0.0117
613,612,ZF04N331085SK,SHOCK ABSORBER  PAJE_RO SPORT 2008 FL,199690.01,5,9,72.0,0.0012,0.0342,0.0042,0.0117
614,613,ZF04L67480KIT,"MAJOR KIT TMC,IAM ACE",23225.52,5,13,79.0,0.0002,0.0342,0.0063,0.0116
615,614,ZF04N600087TC,Brake Pad_Tru Blue CERAMIC,54559.880000000005,5,12,35.0,0.0004,0.0342,0.0057,0.0116
616,615,ZF047156347GM,AUTO ADJ ASSLY REAR LH,17610.32,5,12,70.0,0.0002,0.0342,0.0057,0.0115
617,616,ZF043180047GM,"BRAKE HOSE ASSLY; FRONT, SCORPIO",16261.12,5,12,66.0,0.0002,0.0342,0.0057,0.0115
618,617,ZF042146357GM,ADJUSTER LEVER LH,14857.04,5,12,376.0,0.0002,0.0342,0.0057,0.0115
619,618,ZF047141097GM,SPRING SHOE SET TRAILING LH,10823.9,5,12,364.0,0.0001,0.0342,0.0057,0.0115
620,619,ZF04L719357GM,"PAD KIT,  Frt with Clip",36360.42,5,10,39.0,0.0003,0.0342,0.0047,0.0113
621,620,ZF04N632477TG,ROTOR_FORTUNER TYPE III RR,73800.75,5,8,28.0,0.0005,0.0342,0.0037,0.0112
622,621,ZF04N602577TB,Brake Pad_Tru Blue,22422.49,5,9,17.0,0.0002,0.0342,0.0042,0.0112
623,622,ZF04L71197KIT,MINOR KIT TMC,12247.46,5,9,73.0,0.0001,0.0342,0.0042,0.0112
624,623,ZF047156357GM,AUTO ADJ ASSLY REAR RH,11478.18,5,9,44.0,0.0001,0.0342,0.0042,0.0112
625,624,ZF04L722367GM,Drum Brake Assy RH,25924.58,5,8,13.0,0.0002,0.0342,0.0037,0.0111
626,625,ZF04N643477TG,ROTOR_I20 (3RD GEN),23480.94,5,8,18.0,0.0002,0.0342,0.0037,0.0111
627,626,ZF047166427GM,W/C ASSY.model P (17.46)(K50/100),19634.86,5,8,36.0,0.0002,0.0342,0.0037,0.0111
628,627,ZF04N264835SS,WHEEL SPEED SENSORS,16222.09,5,8,18.0,0.0002,0.0342,0.0037,0.0111
629,628,ZF04N601147TB,Brake Pad_Tru Blue,42370.61,5,7,31.0,0.0003,0.0342,0.0031,0.011
630,629,ZF04N601027TC,Brake Pad_Tru Blue CERAMIC,37770.55,5,7,19.0,0.0003,0.0342,0.0031,0.011
631,630,ZF04N543687TG,Rotor Com_pass Fr,35220.64,5,7,16.0,0.0003,0.0342,0.0031,0.011
632,631,ZF04N603057TB,Brake Pad_Tru Blue,35145.46000000001,5,7,38.0,0.0003,0.0342,0.0031,0.011
633,632,ZF04N261805IC,IGNITION COIL,66033.34,5,6,49.0,0.0004,0.0342,0.0026,0.011
634,633,ZF04N264725SS,WHEEL SPEED SENSORS,26682.38,5,7,39.0,0.0002,0.0342,0.0031,0.011
635,634,ZF04N643447TG,Rotor (Eli_te),25801.87,5,7,20.0,0.0002,0.0342,0.0031,0.011
636,635,ZF86AB72817GM,MAJOR KIT CALIPER(j42/25),22089.6,5,7,48.0,0.0002,0.0342,0.0031,0.011
637,636,ZF04N603017TB,Brake Pad_Tru Blue,21245.94,5,7,20.0,0.0002,0.0342,0.0031,0.011
638,637,ZF047144867GM,HOSE FRONT BRAKE (272mm),20911.97,5,7,172.0,0.0002,0.0342,0.0031,0.011
639,638,ZF04N643347TG,Rotor (Maxi_mo ),19675.08,5,7,24.0,0.0002,0.0342,0.0031,0.011
640,639,ZF04N264845SS,WHEEL SPEED SENSORS,16222.08,5,7,18.0,0.0002,0.0342,0.0031,0.011
641,640,ZF04N155567TG,ROTOR (Ikon/Figo Petrol),29646.1,5,6,26.0,0.0002,0.0342,0.0026,0.0109
642,641,ZF04N598957TB,Brake Pad_Tru Blue,24832.39,5,6,24.0,0.0002,0.0342,0.0026,0.0109
643,642,ZF04N601377TB,Brake Pad_Tru Blue,23145.78,5,6,21.0,0.0002,0.0342,0.0026,0.0109
644,643,ZF047144907GM,BRAKE HOSE ASSY  (REAR)(370mm),15408.37,5,6,85.0,0.0002,0.0342,0.0026,0.0109
645,644,ZF043182587GM,STRUT ASSY RH,47718.27,5,5,146.0,0.0003,0.0342,0.0021,0.0108
646,645,ZF04L82047KIT,CMC Minor Kit,10001.69,5,6,113.0,0.0001,0.0342,0.0026,0.0108
647,646,ZF86AB70377GM,KIT LINING BT O/S (I30/20),9031.27,5,6,29.0,0.0001,0.0342,0.0026,0.0108
648,647,ZF04N601537TB,Brake Pad_Tru Blue,7716.05,5,6,10.0,0.0001,0.0342,0.0026,0.0108
649,648,ZF047145027GM,BRAKE HOSE ASSLY FRONT (407mm),2467.44,5,6,14.0,0.0001,0.0342,0.0026,0.0108
650,649,ZF04N599037TC,Brake Pad_Tru Blue CERAMIC,31753.04,5,5,21.0,0.0002,0.0342,0.0021,0.0108
651,650,ZF04N261875IC,IGNITION COIL,22678.66,5,5,13.0,0.0002,0.0342,0.0021,0.0108
652,651,ZF04N604067TB,Brake Pad_Tru Blue,17563.559999999998,5,5,25.0,0.0002,0.0342,0.0021,0.0108
653,652,ZF04N601067TB,Brake Pad_Tru Blue,17449.28,5,5,13.0,0.0002,0.0342,0.0021,0.0108
654,653,ZF04L973507GM,MINOR KIT FOR CALIPER,15154.4,5,5,74.0,0.0002,0.0342,0.0021,0.0108
655,654,ZF04N599077TC,Brake Pad_Tru Blue CERAMIC,14594.48,5,5,11.0,0.0002,0.0342,0.0021,0.0107
656,655,ZF04N307227TG,"ROTOR (DAT_SUN GO, GO+)",14557.66,5,5,16.0,0.0002,0.0342,0.0021,0.0107
657,656,ZF04N604207TB,Brake Pad_Tru Blue,13062.01,5,5,13.0,0.0001,0.0342,0.0021,0.0107
658,657,ZF04N372747GM,PAD KIT; S201 REAR,12345.61,5,5,8.0,0.0001,0.0342,0.0021,0.0107
659,658,ZF04N438657GM,2W ENGINE OIL BOTTLE 10W30 (4T) (1LTR),703116.88,4,10,905.0,0.004,0.0256,0.0047,0.0106
660,659,ZF04N445967GM,2W ENGINE OIL BOTTLE 10W30 (4T) (900 ml),235457.2,4,13,966.0,0.0014,0.0256,0.0063,0.0096
661,660,ZF04N56543KIT,4W ENGINE OIL 5W40 SN (3.5 LTR),362726.12,4,5,200.0,0.0021,0.0256,0.0021,0.0092
662,661,ZF043184747GM,"SPRING, PAD",13319.72,4,14,357.0,0.0001,0.0256,0.0068,0.0091
663,662,ZF047116677GM,AUTO ADJ ASSLY REAR LH,69220.83,4,11,273.0,0.0005,0.0256,0.0052,0.009
664,663,ZF04N222885SK,SHOCK ABSORBER INN_OVA CRYSTA FRT LH,289159.0,4,5,58.0,0.0017,0.0256,0.0021,0.0089
665,664,ZF04N222875SK,SHOCK ABSORBER INN_OVA CRYSTA FRT RH,289159.0,4,5,58.0,0.0017,0.0256,0.0021,0.0089
666,665,ZF047484497GM,KIT SHOE HOLD DOWN(J15/250),8065.01,4,12,123.0,0.0001,0.0256,0.0057,0.0089
667,666,ZF047156307GM,AUTO ADJ ASSLY FR ALFA,40654.07,4,11,183.0,0.0003,0.0256,0.0052,0.0089
668,667,ZF047116667GM,AUTO ADJ ASSLY REAR RH,70448.95,4,10,290.0,0.0005,0.0256,0.0047,0.0089
669,668,ZF047141177GM,"SPRING, SHOE SET LEADING",18960.24,4,11,650.0,0.0002,0.0256,0.0052,0.0088
670,669,ZF04N261945IC,IGNITION COIL,123209.36,4,8,216.0,0.0008,0.0256,0.0037,0.0088
671,670,ZF04N261915IC,IGNITION COIL,38524.87,4,10,29.0,0.0003,0.0256,0.0047,0.0088
672,671,ZF04N66964AST,GREEN COOLANT BARREL (210 ltr),142953.91,4,7,13.0,0.0009,0.0256,0.0031,0.0088
673,672,ZF04N602167TC,Brake Pad_Tru Blue CERAMIC,28061.48,4,10,29.0,0.0002,0.0256,0.0047,0.0087
674,673,ZF04N223067GM,GEAR OIL 85W140 (3 LTR),58818.87,4,9,106.0,0.0004,0.0256,0.0042,0.0087
675,674,ZF04N599297TB,Brake Pad_Tru Blue,20327.0,4,10,14.0,0.0002,0.0256,0.0047,0.0087
676,675,ZF04N261855IC,IGNITION COIL,45167.09,4,9,34.0,0.0003,0.0256,0.0042,0.0087
677,676,ZF043182827GM,REAR BRAKEASSY. LH(H15/4),31045.07,4,9,16.0,0.0002,0.0256,0.0042,0.0086
678,677,ZF04N331095SK,SHOCK ABSORBER  PAJE_RO SPORT 2008 RL,82762.39,4,7,32.0,0.0005,0.0256,0.0031,0.0086
679,678,ZF043182877GM,STRUT SUB ASSLY LH(A.A),7459.84,4,9,72.0,0.0001,0.0256,0.0042,0.0086
680,679,ZF04N307247TG,ROTOR (AS_IRE),23507.03,4,8,24.0,0.0002,0.0256,0.0037,0.0085
681,680,ZF04N261835IC,IGNITION COIL,19731.09,4,8,21.0,0.0002,0.0256,0.0037,0.0085
682,681,ZF04N543767TG,Rotor E_ON,18701.02,4,8,22.0,0.0002,0.0256,0.0037,0.0085
683,682,ZF043189647GM,HOSE FRONT,9964.87,4,8,58.0,0.0001,0.0256,0.0037,0.0085
684,683,ZF04L719927GM,"REPAR KIT AUTO ADJ. LH,(J22/250)",7117.76,4,8,58.0,0.0001,0.0256,0.0037,0.0085
685,684,ZF04N151837GM,Clutch Cable (Bellow),5177.25,4,8,210.0,0.0001,0.0256,0.0037,0.0085
686,685,ZF04N155537TG,ROTOR (Skod_A Super_b Rr),29146.0,4,7,20.0,0.0002,0.0256,0.0031,0.0084
687,686,ZF04N307027TG,ROTOR (XEN_ON PICKUP),27059.77,4,7,20.0,0.0002,0.0256,0.0031,0.0084
688,687,ZF04N643467TG,Rotor (Cre_ta),24436.6,4,7,20.0,0.0002,0.0256,0.0031,0.0084
689,688,ZF04N603187TB,Brake Pad_Tru Blue,20668.74,4,7,18.0,0.0002,0.0256,0.0031,0.0084
690,689,ZF86AB77257GM,MINOR KIT W/C(J102/250),17970.81,4,7,111.0,0.0002,0.0256,0.0031,0.0084
691,690,ZF04N605117TC,Brake Pad_Tru Blue CERAMIC,17828.09,4,7,12.0,0.0002,0.0256,0.0031,0.0084
692,691,ZF04L962077TW,PAD  KIT,17779.079999999998,4,7,380.0,0.0002,0.0256,0.0031,0.0084
693,692,ZF04N600607TC,Brake Pad_Tru Blue CERAMIC,38613.86,4,6,21.0,0.0003,0.0256,0.0026,0.0084
694,693,ZF86AB74487GM,AUTO ADJUSTER WITH THERMAL CLIP RH,36551.39,4,6,36.0,0.0003,0.0256,0.0026,0.0084
695,694,ZF04N598717TC,Brake Pad_Tru Blue CERAMIC,25518.08,4,6,19.0,0.0002,0.0256,0.0026,0.0083
696,695,ZF04N261135FP,FUEL FEED UNIT,18886.61,4,6,7.0,0.0002,0.0256,0.0026,0.0083
697,696,ZF86AB74457GM,"MINOR KIT CALIPER, TWIN POT(J68/100)",15781.009999999998,4,6,30.0,0.0002,0.0256,0.0026,0.0083
698,697,ZF04N261935IC,IGNITION COIL,10497.17,4,6,13.0,0.0001,0.0256,0.0026,0.0083
699,698,ZF04N604537TB,Brake Pad_Tru Blue,8111.04,4,6,15.0,0.0001,0.0256,0.0026,0.0083
700,699,ZF86AB71477GM,"SLIDING PIN KIT, TWIN POT(NEW)(J33/250)",37671.630000000005,4,5,135.0,0.0003,0.0256,0.0021,0.0082
701,700,ZF04N605217TC,Brake Pad_Tru Blue CERAMIC,25199.03,4,5,19.0,0.0002,0.0256,0.0021,0.0082
702,701,ZF04N602067TB,Brake Pad_Tru Blue,23010.01,4,5,24.0,0.0002,0.0256,0.0021,0.0082
703,702,ZF04N643377TG,ROTOR_XUV 700 RR,21100.17,4,5,14.0,0.0002,0.0256,0.0021,0.0082
704,703,ZF04N601457TB,Brake Pad_Tru Blue,20661.46,4,5,18.0,0.0002,0.0256,0.0021,0.0082
705,704,ZF04L81865KIT,TMC Assy w/o Reservoir,17487.6,4,5,19.0,0.0002,0.0256,0.0021,0.0082
706,705,ZF04N603307TB,Brake Pad_Tru Blue,16560.3,4,5,21.0,0.0002,0.0256,0.0021,0.0082
707,706,ZF04L688637GM,PAD KIT Frt,12186.1,4,5,21.0,0.0001,0.0256,0.0021,0.0082
708,707,ZF047156337GM,AUTO ADJ ASSLY FRONT RH,7298.22,4,5,29.0,0.0001,0.0256,0.0021,0.0082
709,708,ZF04N167407TG,ROTOR (Vista TDI),6800.24,4,5,9.0,0.0001,0.0256,0.0021,0.0082
710,709,ZF047145037GM,BRAKE HOSE ASSLY REAR (457mm),3261.3,4,5,16.0,0.0001,0.0256,0.0021,0.0082
711,710,ZF04N632467TG,ROTOR_SAFARI 2.2 DICOR 4X2,31023.62,4,4,16.0,0.0002,0.0256,0.0016,0.0081
712,711,ZF04N543697TG,Rotor Com_pass Rr,25587.120000000003,4,4,12.0,0.0002,0.0256,0.0016,0.0081
713,712,ZF04N600457TC,Brake Pad_Tru Blue CERAMIC,24498.0,4,4,12.0,0.0002,0.0256,0.0016,0.0081
714,713,ZF04N601827TC,Brake Pad_Tru Blue CERAMIC,22528.32,4,4,17.0,0.0002,0.0256,0.0016,0.0081
715,714,ZF04N261925IC,IGNITION COIL,21767.46,4,4,22.0,0.0002,0.0256,0.0016,0.0081
716,715,ZF86AB74477GM,AUTO ADJUSTER WITH THERMAL CLIP LH,19526.29,4,4,19.0,0.0002,0.0256,0.0016,0.0081
717,716,ZF04N600927TC,Brake Pad_Tru Blue CERAMIC,19387.47,4,4,14.0,0.0002,0.0256,0.0016,0.0081
718,717,ZF04N603737TB,Brake Pad_Tru Blue,18491.61,4,4,19.0,0.0002,0.0256,0.0016,0.0081
719,718,ZF04L973897TG,ROTOR ( CI_TY TYPE 3 & JA_ZZ),17671.68,4,4,16.0,0.0002,0.0256,0.0016,0.0081
720,719,ZF04N632127TG,ROTOR_CARENS RR,16171.43,4,4,14.0,0.0002,0.0256,0.0016,0.0081
721,720,ZF04N307197TG,ROTOR (ALT_IS NEW),15886.09,4,4,12.0,0.0002,0.0256,0.0016,0.0081
722,721,ZF043182607GM,STRUT ASSY LH,13899.59,4,4,41.0,0.0001,0.0256,0.0016,0.0081
723,722,ZF04N643387TG,Rotor (Cia_z),13097.28,4,4,12.0,0.0001,0.0256,0.0016,0.0081
724,723,ZF047156217GM,STRUT ASSY. LH,9542.25,4,4,39.0,0.0001,0.0256,0.0016,0.0081
725,724,ZF04N263365FP,IN-TANK FUEL PUMP,8780.61,4,4,9.0,0.0001,0.0256,0.0016,0.0081
726,725,ZF04L77114KIT,CSC ASSY (M12),5062.2,4,4,10.0,0.0001,0.0256,0.0016,0.0081
727,726,ZF047144997GM,HOSE ASSY REAR BOTHSIDE BENJO,3732.99,4,4,19.0,0.0001,0.0256,0.0016,0.0081
728,727,ZF04N171497GM,PAD KIT,3377.1,4,4,7.0,0.0001,0.0256,0.0016,0.0081
729,728,ZF047484267GM,"kIT, CALIPER, MINOR(J9/100)",2874.7200000000003,4,4,22.0,0.0001,0.0256,0.0016,0.008
730,729,ZF04L906307TW,SHOE KIT 2W,154627.21,3,16,1052.0,0.0009,0.0171,0.0078,0.0072
731,730,ZF047979327GM,RADIATOR COOLANT 1 LTR. (Antifreeze),552310.8,3,4,464.0,0.0031,0.0171,0.0016,0.007
732,731,ZF04N66581AST,GEAR OIL BOTTLE (85W140) (5 ltr),437513.62,3,7,301.0,0.0025,0.0171,0.0031,0.007
733,732,ZF047145017GM,HOSE ASSY FRONT (556mm),111730.43,3,9,548.0,0.0007,0.0171,0.0042,0.0063
734,733,ZF047141087GM,SPRING SHOE SET TRAILING RH,3879.49,3,11,132.0,0.0001,0.0171,0.0052,0.0062
735,734,ZF047494887GM,RADIATOR COOLANT 20 LTR.,83026.57,3,8,55.0,0.0005,0.0171,0.0037,0.0061
736,735,ZF047156237GM,STRUT ASSY.RH,37558.45,3,9,152.0,0.0003,0.0171,0.0042,0.0061
737,736,ZF047166047GM,SHOE RET SPG UPPER,6918.54,3,9,390.0,0.0001,0.0171,0.0042,0.006
738,737,ZF04L76635KIT,"TMC ASSLY W/O RESERVOIR,IAM PVPL APE501",116507.3,3,6,98.0,0.0007,0.0171,0.0026,0.006
739,738,ZF04N261125FP,FUEL FEED UNIT,15800.2,3,8,4.0,0.0002,0.0171,0.0037,0.0059
740,739,ZF86AB72627GM,MINOR KIT W/C FRT.(J37/250),10431.22,3,8,160.0,0.0001,0.0171,0.0037,0.0059
741,740,ZF04N222107GM,Shoe Return Spring Kit,6128.16,3,8,304.0,0.0001,0.0171,0.0037,0.0059
742,741,ZF043182807GM,REAR BRAKEASSY. RH(H13/4),20451.26,3,7,12.0,0.0002,0.0171,0.0031,0.0058
743,742,ZF047139067GM,REAR BRAKE ASSY LH,17226.81,3,7,12.0,0.0002,0.0171,0.0031,0.0058
744,743,ZF04N196317GM,SHOE KIT (Kingz_S),15473.46,3,7,95.0,0.0002,0.0171,0.0031,0.0058
745,744,ZF043184067GM,"BOOT,PIN",8650.99,3,7,163.0,0.0001,0.0171,0.0031,0.0058
746,745,ZF04N129217TG,ROTOR (GETZ),8268.26,3,7,14.0,0.0001,0.0171,0.0031,0.0058
747,746,ZF04N66498AST,RED COOLANT BOTTLE (3 ltr),32172.24,3,6,162.0,0.0002,0.0171,0.0026,0.0058
748,747,ZF04N503637GM,RADIATOR COOLANT RED 5 LTR,27803.16,3,6,72.0,0.0002,0.0171,0.0026,0.0058
749,748,ZF04N598757TC,Brake Pad_Tru Blue CERAMIC,16610.16,3,6,8.0,0.0002,0.0171,0.0026,0.0057
750,749,ZF04N167377TG,ROTOR (M-Hawk Without Sensor LH),14647.44,3,6,10.0,0.0002,0.0171,0.0026,0.0057
751,750,ZF04L688577GM,PAD KIT  Frt,13905.7,3,6,10.0,0.0001,0.0171,0.0026,0.0057
752,751,ZF04N167387TG,OTOR (M-Hawk Without Sensor RH),13030.58,3,6,9.0,0.0001,0.0171,0.0026,0.0057
753,752,ZF04N602027TB,Brake Pad_Tru Blue,13001.41,3,6,11.0,0.0001,0.0171,0.0026,0.0057
754,753,ZF047156327GM,AUTO ADJ ASSLY FRONT LH,12590.32,3,6,49.0,0.0001,0.0171,0.0026,0.0057
755,754,ZF043189507GM,W/C ASSLY. FRONT DIA 25.4,11435.99,3,6,30.0,0.0001,0.0171,0.0026,0.0057
756,755,ZF86AB70327GM,MINOR KIT W/C FR(J24/250),5836.879999999999,3,6,90.0,0.0001,0.0171,0.0026,0.0057
757,756,ZF04N599707TC,Brake Pad_Tru Blue CERAMIC,28405.1,3,5,14.0,0.0002,0.0171,0.0021,0.0057
758,757,ZF04N129297TG,ROTOR (XENON),20902.29,3,5,12.0,0.0002,0.0171,0.0021,0.0056
759,758,ZF043188947GM,AUTO ADJUSTER SUB ASSEMBLY RH -L PUNCH,19328.4,3,5,75.0,0.0002,0.0171,0.0021,0.0056
760,759,ZF04N605037TC,Brake Pad_Tru Blue CERAMIC,18377.32,3,5,14.0,0.0002,0.0171,0.0021,0.0056
761,760,ZF047139077GM,REAR BRAKE ASSY RH,18017.6,3,5,13.0,0.0002,0.0171,0.0021,0.0056
762,761,ZF86AB74257GM,Liner Kit STD.(I44/20),16946.86,3,5,15.0,0.0002,0.0171,0.0021,0.0056
763,762,ZF04N263415FP,IN-TANK FUEL PUMP,10605.32,3,5,11.0,0.0001,0.0171,0.0021,0.0056
764,763,ZF043189567GM,3/C RR DIA 19.05(K28/20),9951.06,3,5,26.0,0.0001,0.0171,0.0021,0.0056
765,764,ZF04L688347GM,"PAD KIT, RR.",6434.35,3,5,7.0,0.0001,0.0171,0.0021,0.0056
766,765,ZF04N261865IC,IGNITION COIL,27526.86,3,4,21.0,0.0002,0.0171,0.0016,0.0056
767,766,ZF04L808657GM,Back Plate Assy RH,24053.12,3,4,32.0,0.0002,0.0171,0.0016,0.0055
768,767,ZF04N605257TC,Brake Pad_Tru Blue CERAMIC,18408.0,3,4,10.0,0.0002,0.0171,0.0016,0.0055
769,768,ZF04N632547TG,Rotor (Bada_Dost),18392.67,3,4,10.0,0.0002,0.0171,0.0016,0.0055
770,769,ZF04L919597TW,Vespa- PAD KIT,16348.63,3,4,211.0,0.0002,0.0171,0.0016,0.0055
771,770,ZF04N602387TB,Brake Pad_Tru Blue,16320.13,3,4,11.0,0.0002,0.0171,0.0016,0.0055
772,771,ZF04N43146NIL,CYLINDER SET MASTER,15646.82,3,4,80.0,0.0002,0.0171,0.0016,0.0055
773,772,ZF04N651937TG,ROTOR_VERNA 5TH GEN (2020- NOW),14597.54,3,4,12.0,0.0002,0.0171,0.0016,0.0055
774,773,ZF04N43147NIL,CYLINDER SET MASTER,12571.13,3,4,65.0,0.0001,0.0171,0.0016,0.0055
775,774,ZF047126457GM,D/Br.assly RH ( LTV ),11378.45,3,4,5.0,0.0001,0.0171,0.0016,0.0055
776,775,ZF043189777GM,CALIPER ASSEMBLY RH(H33/2),10424.05,3,4,5.0,0.0001,0.0171,0.0016,0.0055
777,776,ZF04N527097GM,Wheel Cylinder Assly_Bolero,9704.77,3,4,22.0,0.0001,0.0171,0.0016,0.0055
778,777,ZF04L67474KIT,SERVICE KIT; MAJOR CSC T-1,8454.57,3,4,38.0,0.0001,0.0171,0.0016,0.0055
779,778,ZF86AB74137GM,MAJOR KIT CALIPER(J59/25),6504.18,3,4,16.0,0.0001,0.0171,0.0016,0.0055
780,779,ZF04L71200KIT,MINOR TMC ISUZU AMB,5191.06,3,4,36.0,0.0001,0.0171,0.0016,0.0055
781,780,ZF86AB73667GM,SHOE KIT FRONT LH(I37/15),4765.38,3,4,19.0,0.0001,0.0171,0.0016,0.0055
782,781,ZF04N264715SS,WHEEL SPEED SENSORS,4273.73,3,4,7.0,0.0001,0.0171,0.0016,0.0055
783,782,ZF043189327GM,STRUT SUB ASSSLY FRONT,3313.4500000000003,3,4,15.0,0.0001,0.0171,0.0016,0.0055
784,783,ZF043189657GM,HOSE REAR,1547.8,3,4,11.0,0.0001,0.0171,0.0016,0.0055
785,784,ZF047143007GM,SPRING SHOE RETURN (F/P),659.85,3,4,60.0,0.0001,0.0171,0.0016,0.0055
786,785,ZF04N632097TG,ROTOR_WINGER STRETCH,32842.94,3,3,20.0,0.0003,0.0171,0.001,0.0055
787,786,ZF04N571705FP,FUEL PUMP MODULE SANT_RO XING,31124.86,3,3,9.0,0.0002,0.0171,0.001,0.0055
788,787,ZF04N571725FP,FUEL PUMP MODULE I_20,27500.78,3,3,5.0,0.0002,0.0171,0.001,0.0054
789,788,ZF04N601577TB,Brake Pad_Tru Blue,23446.43,3,3,11.0,0.0002,0.0171,0.001,0.0054
790,789,ZF04N262155IC,IGNITION COIL,21061.81,3,3,10.0,0.0002,0.0171,0.001,0.0054
791,790,ZF04N599477TB,Brake Pad_Tru Blue,20919.48,3,3,17.0,0.0002,0.0171,0.001,0.0054
792,791,ZF047149357GM,W/C ASSY FRONT(Ø 22.225),20241.13,3,3,50.0,0.0002,0.0171,0.001,0.0054
793,792,ZF04N601867TC,Brake Pad_Tru Blue CERAMIC,15724.27,3,3,13.0,0.0002,0.0171,0.001,0.0054
794,793,ZF04N261985IC,IGNITION COIL,14772.420000000002,3,3,9.0,0.0002,0.0171,0.001,0.0054
795,794,ZF043182837GM,BACK PLATE LH(H16/8),14636.66,3,3,24.0,0.0002,0.0171,0.001,0.0054
796,795,ZF04N543797TG,Rotor D-Max Pick_Up,13428.64,3,3,6.0,0.0001,0.0171,0.001,0.0054
797,796,ZF04N606535IC,IGNITION COIL Ven_ue,10797.05,3,3,7.0,0.0001,0.0171,0.001,0.0054
798,797,ZF04N600897TC,Brake Pad_Tru Blue CERAMIC,9062.88,3,3,7.0,0.0001,0.0171,0.001,0.0054
799,798,ZF04N264885SS,WHEEL SPEED SENSORS,8074.969999999999,3,3,8.0,0.0001,0.0171,0.001,0.0054
800,799,ZF04N155497TG,ROTOR (Skod_A Octavi_a Frt),7944.58,3,3,6.0,0.0001,0.0171,0.001,0.0054
801,800,ZF04N602347TB,Brake Pad_Tru Blue,7054.86,3,3,6.0,0.0001,0.0171,0.001,0.0054
802,801,ZF047742397GM,Service kit;wheel cyl YP8(J17/250),4733.92,3,3,66.0,0.0001,0.0171,0.001,0.0054
803,802,ZF04N264604RL,RELAYS,4565.44,3,3,120.0,0.0001,0.0171,0.001,0.0054
804,803,ZF04N264675SS,WHEEL SPEED SENSORS,4037.5,3,3,8.0,0.0001,0.0171,0.001,0.0054
805,804,ZF047484257GM,"KIT CALIPER, MAJOR(J8/25)",3729.15,3,3,11.0,0.0001,0.0171,0.001,0.0054
806,805,ZF047490437GM,Service kit; PINS,1910.58,3,3,10.0,0.0001,0.0171,0.001,0.0054
807,806,ZF86AB73877GM,MINOR KIT W/C(J57/250),16661.54,2,15,349.0,0.0002,0.0085,0.0073,0.0041
808,807,ZF86AB78717GM,MINOR KIT W/C,37475.64,2,8,440.0,0.0003,0.0085,0.0037,0.0034
809,808,ZF047145137GM,HOSE ASSY FRONT BRAKE (640mm),11817.93,2,7,48.0,0.0001,0.0085,0.0031,0.0033
810,809,ZF047143097GM,SPRING SHOE RETURN LOWER,1933.26,2,7,90.0,0.0001,0.0085,0.0031,0.0032
811,810,ZF04N600537TC,Brake Pad_Tru Blue CERAMIC,12897.9,2,6,10.0,0.0001,0.0085,0.0026,0.0032
812,811,ZF04N18362AFL,A/F Swift diesel,6255.18,2,6,93.0,0.0001,0.0085,0.0026,0.0031
813,812,ZF86AB74167GM,MINOR KIT W/C(J61/250),4824.43,2,6,135.0,0.0001,0.0085,0.0026,0.0031
814,813,ZF047155167GM,BLEEDER,3759.04,2,6,150.0,0.0001,0.0085,0.0026,0.0031
815,814,ZF04N66507AST,RED COOLANT BOTTLE (5 ltr),35534.05,2,5,116.0,0.0003,0.0085,0.0021,0.0031
816,815,ZF04N21352AFL,AIR FILTER-IAM SUPER SPLENDOR HERO,35385.84,2,5,484.0,0.0003,0.0085,0.0021,0.0031
817,816,ZF04N261975IC,IGNITION COIL,51904.44,2,4,22.0,0.0004,0.0085,0.0016,0.0031
818,817,ZF04L973847TG,ROTOR ( 207 DI RX),7618.610000000001,2,5,9.0,0.0001,0.0085,0.0021,0.003
819,818,ZF047484457GM,AUTO ADJUSTER KIT LH(J11/100),2198.21,2,5,20.0,0.0001,0.0085,0.0021,0.003
820,819,ZF047164167GM,SHOE RETURN SPRING (UPPER),2116.92,2,5,120.0,0.0001,0.0085,0.0021,0.003
821,820,ZF04N56541KIT,4W ENGINE OIL 5W40 SN (1 LTR),110725.89,2,2,146.0,0.0007,0.0085,0.0005,0.003
822,821,ZF04N222667TG,ROTOR (ISUZU),20304.02,2,4,22.0,0.0002,0.0085,0.0016,0.003
823,822,ZF04L81966KIT,"RESERVOIR ASSY, PVPL APE-501 IAM",11290.24,2,4,70.0,0.0001,0.0085,0.0016,0.0029
824,823,ZF047156227GM,STRUT ASSY.LH,9685.67,2,4,38.0,0.0001,0.0085,0.0016,0.0029
825,824,ZF04N601287TB,Brake Pad_Tru Blue,8021.280000000001,2,4,6.0,0.0001,0.0085,0.0016,0.0029
826,825,ZF04N36759AFL,AIR FILTER I 20 ELITE,6972.02,2,4,65.0,0.0001,0.0085,0.0016,0.0029
827,826,ZF047484467GM,AUTO ADJUSTER KIT RH(J12/100),3455.35,2,4,31.0,0.0001,0.0085,0.0016,0.0029
828,827,ZF047164417GM,SHOE RETURN SPRING UPPER (SUMO RAUS),1434.41,2,4,112.0,0.0001,0.0085,0.0016,0.0029
829,828,ZF04N606525IC,IGNITION COIL,33134.4,2,3,27.0,0.0003,0.0085,0.001,0.0029
830,829,ZF04L67470KIT,MAJOR KIT TMC OMNI KIT508,23684.96,2,3,80.0,0.0002,0.0085,0.001,0.0029
831,830,ZF04N543727TG,Rotor Safa_ri II Gen,17024.34,2,3,8.0,0.0002,0.0085,0.001,0.0029
832,831,ZF04L688377GM,"PAD KIT, IAM TOYOTA COROLLA",15619.19,2,3,9.0,0.0002,0.0085,0.001,0.0029
833,832,ZF04N648527TG,ROTOR_GLANZA,14707.99,2,3,12.0,0.0002,0.0085,0.001,0.0028
834,833,ZF04N651927TG,ROTOR_VENUE,14692.64,2,3,10.0,0.0002,0.0085,0.001,0.0028
835,834,ZF047149347GM,W/C ASSLY. RR(Ø 25.4),12034.23,2,3,30.0,0.0001,0.0085,0.001,0.0028
836,835,ZF04N605657TB,Brake Pad_Tru Blue,9513.86,2,3,14.0,0.0001,0.0085,0.001,0.0028
837,836,ZF86AB73147GM,KBX  PAD KIT,8891.07,2,3,21.0,0.0001,0.0085,0.001,0.0028
838,837,ZF047126427GM,D/Br.assly LH ( LTV),8691.64,2,3,4.0,0.0001,0.0085,0.001,0.0028
839,838,ZF04N155577TG,ROTOR (Ikon/Figo Diesel),7670.0,2,3,8.0,0.0001,0.0085,0.001,0.0028
840,839,ZF04N36764AFL,AIR FILTER SCORPIO CRDI,7253.460000000001,2,3,30.0,0.0001,0.0085,0.001,0.0028
841,840,ZF04N263375FP,IN-TANK FUEL PUMP,6355.37,2,3,6.0,0.0001,0.0085,0.001,0.0028
842,841,ZF04N171547GM,PAD KIT,5866.0,2,3,8.0,0.0001,0.0085,0.001,0.0028
843,842,ZF047155417GM,BLEEDER SCREW,5645.120000000001,2,3,230.0,0.0001,0.0085,0.001,0.0028
844,843,ZF04N155597TG,ROTOR (Spar_k),4588.200000000001,2,3,6.0,0.0001,0.0085,0.001,0.0028
845,844,ZF04N43142NIL,SEAL SET  PISTON-6,3934.72,2,3,130.0,0.0001,0.0085,0.001,0.0028
846,845,ZF04L719937GM,REPAR KIT AUTO ADJ. RH(J23/250),2945.28,2,3,24.0,0.0001,0.0085,0.001,0.0028
847,846,ZF04N25475AFL,A/F Kwid (Petrol),2194.8,2,3,40.0,0.0001,0.0085,0.001,0.0028
848,847,ZF047143407GM,"SPRING, SHOE HOLD DOWN",644.28,2,3,45.0,0.0001,0.0085,0.001,0.0028
849,848,ZF047164437GM,SHOE RETURN SPRING LOWER (SUMO RAUS),415.15,2,3,23.0,0.0001,0.0085,0.001,0.0028
850,849,ZF043189807GM,D/Br.assly RH ( P.Van )(H34/2),31572.79,2,2,8.0,0.0002,0.0085,0.0005,0.0028
851,850,ZF04N543787TG,Rotor Sup_erb/ Kodi_aq,28348.32,2,2,12.0,0.0002,0.0085,0.0005,0.0028
852,851,ZF047171467GM,Caliper Assy LH (W201) Frt,22009.06,2,2,3.0,0.0002,0.0085,0.0005,0.0028
853,852,ZF047068697GM,BRAKE FRONT ALFA(H36/3),21232.58,2,2,10.0,0.0002,0.0085,0.0005,0.0028
854,853,ZF04L71191KIT,MINOR KIT TMC,18546.06,2,2,30.0,0.0002,0.0085,0.0005,0.0028
855,854,ZF04N58826NIS,HONDA ACTIVA NEW (F&R),15216.51,2,2,100.0,0.0002,0.0085,0.0005,0.0027
856,855,ZF04L705767GM,"KIT PAD ONE WHEE, REAR W201(I25/8)",14726.4,2,2,16.0,0.0002,0.0085,0.0005,0.0027
857,856,ZF04N571715FP,FUEL PUMP MODULE I_10,14408.86,2,2,3.0,0.0002,0.0085,0.0005,0.0027
858,857,ZF047139657GM,carier Assy Frt LH 207,14131.25,2,2,13.0,0.0001,0.0085,0.0005,0.0027
859,858,ZF04N643457TG,ROTOR_I20 ACTIVE (2ND GEN),13529.88,2,2,8.0,0.0001,0.0085,0.0005,0.0027
860,859,ZF04N66474AST,4W ENGINE OIL (5W30) (1 ltr),12811.27,2,2,60.0,0.0001,0.0085,0.0005,0.0027
861,860,ZF04N263425FP,IN-TANK FUEL PUMP,12501.33,2,2,9.0,0.0001,0.0085,0.0005,0.0027
862,861,ZF04N648557TG,ROTOR_GLOSTER RR,12087.92,2,2,4.0,0.0001,0.0085,0.0005,0.0027
863,862,ZF047480347GM,Brake Pad Kit,12080.26,2,2,9.0,0.0001,0.0085,0.0005,0.0027
864,863,ZF04L808647GM,Back Plate Assy LH,10584.6,2,2,14.0,0.0001,0.0085,0.0005,0.0027
865,864,ZF047453307GM,SERVICE KIT PAD SET TOYOTA EFC(I4/8),10435.04,2,2,5.0,0.0001,0.0085,0.0005,0.0027
866,865,ZF047167957GM,REAR BRAKE ASSLY RH,9595.17,2,2,10.0,0.0001,0.0085,0.0005,0.0027
867,866,ZF04N643407TG,Rotor (S_Cross),8822.039999999999,2,2,6.0,0.0001,0.0085,0.0005,0.0027
868,867,ZF04N606257TC,Brake Pad_Tru Blue CERAMIC,8260.59,2,2,9.0,0.0001,0.0085,0.0005,0.0027
869,868,ZF04N602717TC,Brake Pad_Tru Blue CERAMIC,7681.5,2,2,5.0,0.0001,0.0085,0.0005,0.0027
870,869,ZF04N262125IC,IGNITION COIL,7398.49,2,2,2.0,0.0001,0.0085,0.0005,0.0027
871,870,ZF04N336384RL,12V UNIVERSAL FLASHER,7334.88,2,2,126.0,0.0001,0.0085,0.0005,0.0027
872,871,ZF04N344135FP,IN TANK FUAL PUMP NEW BALENO PETROL,7301.84,2,2,7.0,0.0001,0.0085,0.0005,0.0027
873,872,ZF04N43145NIL,CYLINDER SET MASTER,6979.7,2,2,35.0,0.0001,0.0085,0.0005,0.0027
874,873,ZF04N601907TC,Brake Pad_Tru Blue CERAMIC,6849.299999999999,2,2,5.0,0.0001,0.0085,0.0005,0.0027
875,874,ZF04N599447TC,Brake Pad_Tru Blue CERAMIC,6703.870000000001,2,2,4.0,0.0001,0.0085,0.0005,0.0027
876,875,ZF04L981747TW,PAD  KIT,6258.72,2,2,120.0,0.0001,0.0085,0.0005,0.0027
877,876,ZF04L929847TG,Rotor (Indica Vent),5944.26,2,2,10.0,0.0001,0.0085,0.0005,0.0027
878,877,ZF04N602247TC,Brake Pad_Tru Blue CERAMIC,5675.8,2,2,4.0,0.0001,0.0085,0.0005,0.0027
879,878,ZF04N604147TB,Brake Pad_Tru Blue,5648.5,2,2,5.0,0.0001,0.0085,0.0005,0.0027
880,879,ZF04N129267TG,ROTOR (BOLERO CRDE LH),5292.31,2,2,4.0,0.0001,0.0085,0.0005,0.0027
881,880,ZF04N599897TC,Brake Pad_Tru Blue CERAMIC,5273.88,2,2,4.0,0.0001,0.0085,0.0005,0.0027
882,881,ZF04N600497TC,Brake Pad_Tru Blue CERAMIC,3900.96,2,2,3.0,0.0001,0.0085,0.0005,0.0027
883,882,ZF04N264755SS,WHEEL SPEED SENSORS,3749.08,2,2,4.0,0.0001,0.0085,0.0005,0.0027
884,883,ZF04N344145FP,IN TANK FUAL PUMP Celerio-Petrol,3369.43,2,2,3.0,0.0001,0.0085,0.0005,0.0027
885,884,ZF047149267GM,WC  LH (ACE ONE TONNER)(K43/40),3141.63,2,2,8.0,0.0001,0.0085,0.0005,0.0027
886,885,ZF04N171467GM,PAD KIT,3104.82,2,2,4.0,0.0001,0.0085,0.0005,0.0027
887,886,ZF04N264915SS,WHEEL SPEED SENSORS,3028.11,2,2,3.0,0.0001,0.0085,0.0005,0.0027
888,887,ZF04N31213KIT,"TMC ASSLY, WITH RES. W/O FLWI",2876.25,2,2,3.0,0.0001,0.0085,0.0005,0.0027
889,888,ZF047116697GM,AUTO ADJ ASSLY FRONT RH,2539.55,2,2,11.0,0.0001,0.0085,0.0005,0.0027
890,889,ZF04N601497TB,Brake Pad_Tru Blue,2485.85,2,2,3.0,0.0001,0.0085,0.0005,0.0027
891,890,ZF04L962287TW,PAD  KIT,2339.3500000000004,2,2,50.0,0.0001,0.0085,0.0005,0.0027
892,891,ZF04L962137TW,PAD  KIT,2339.3500000000004,2,2,50.0,0.0001,0.0085,0.0005,0.0027
893,892,ZF04N604107TB,Brake Pad_Tru Blue,2321.7,2,2,3.0,0.0001,0.0085,0.0005,0.0027
894,893,ZF047888117GM,Auto Adjuster KIT LH(J21/50),2247.32,2,2,10.0,0.0001,0.0085,0.0005,0.0027
895,894,ZF04N604497TB,Brake Pad_Tru Blue,2084.7,2,2,3.0,0.0001,0.0085,0.0005,0.0027
896,895,ZF04N264685SS,WHEEL SPEED SENSORS,1946.64,2,2,3.0,0.0001,0.0085,0.0005,0.0027
897,896,ZF86AB73447GM,KBX  PAD KIT,1868.42,2,2,4.0,0.0001,0.0085,0.0005,0.0027
898,897,ZF047145007GM,Front Hose,1771.78,2,2,11.0,0.0001,0.0085,0.0005,0.0027
899,898,ZF04L71205KIT,MINOR KIT TMC,1739.5700000000002,2,2,12.0,0.0001,0.0085,0.0005,0.0027
900,899,ZF047140037GM,SHOE SET PIN,1656.7199999999998,2,2,120.0,0.0001,0.0085,0.0005,0.0027
901,900,ZF04L82051KIT,CSC Minor Kit (Twin Seal),1503.32,2,2,20.0,0.0001,0.0085,0.0005,0.0027
902,901,ZF04N264564RL,RELAYS,1009.6,2,2,22.0,0.0001,0.0085,0.0005,0.0027
903,902,ZF047143617GM,SPRING SHOE RETURN LOWER,966.7,2,2,70.0,0.0001,0.0085,0.0005,0.0027
904,903,ZF04N36758AFL,AIR FILTER I10,899.1500000000001,2,2,10.0,0.0001,0.0085,0.0005,0.0027
905,904,ZF047149247GM,W/C ASSY.,858.27,2,2,3.0,0.0001,0.0085,0.0005,0.0027
906,905,ZF047155177GM,BLEEDER SCREW,809.96,2,2,32.0,0.0001,0.0085,0.0005,0.0027
907,906,ZF047155157GM,SCREW BLEEDER W/C,638.14,2,2,26.0,0.0001,0.0085,0.0005,0.0027
908,907,ZF047140127GM,PIN SHOE HOLD DOWN,161.07999999999998,2,2,15.0,0.0001,0.0085,0.0005,0.0027
909,908,ZF04L93970KIT,TMC ASSY Vikram,93650.7,1,4,111.0,0.0006,0.0,0.0016,0.0006
910,909,ZF86AB72647GM,MINOR KIT W/C RR.(J39/250),3313.45,1,5,50.0,0.0001,0.0,0.0021,0.0005
911,910,ZF04N25260AFL,A/F APE BS4,25403.04,1,4,199.0,0.0002,0.0,0.0016,0.0004
912,911,ZF047979357GM,RADIATOR COOLANT 3 LTR. (Antifreeze),121492.8,1,1,116.0,0.0007,0.0,0.0,0.0004
913,912,ZF047492837GM,SHOE RETURN SPRING F/P,3813.53,1,4,200.0,0.0001,0.0,0.0016,0.0004
914,913,ZF04N263435FP,IN-TANK FUEL PUMP,34238.89,1,3,10.0,0.0003,0.0,0.001,0.0003
915,914,ZF047979347GM,RADIATOR COOLANT 20 LTR. (Antifreeze),102801.6,1,1,50.0,0.0006,0.0,0.0,0.0003
916,915,ZF04N336404RL,12V Musical Flasher,55484.54,1,2,232.0,0.0004,0.0,0.0005,0.0003
917,916,ZF04N336434RL,12V METAL HORN RELAY - 3T,13287.75,1,3,307.0,0.0001,0.0,0.001,0.0003
918,917,ZF04N648537TG,ROTOR_ENDEAVOUR (3RD GEN) RR,12199.13,1,3,5.0,0.0001,0.0,0.001,0.0003
919,918,ZF04N603887TB,Brake Pad_Tru Blue,5902.83,1,3,6.0,0.0001,0.0,0.001,0.0003
920,919,ZF04N18366AFL,A/F Tata Venture/ Super ACE,4663.36,1,3,16.0,0.0001,0.0,0.001,0.0003
921,920,ZF04N25279AFL,A/F Alto,4311.72,1,3,70.0,0.0001,0.0,0.001,0.0003
922,921,ZF047144077GM,SHOE RETURN SPRING LOWER,2577.12,1,3,120.0,0.0001,0.0,0.001,0.0003
923,922,ZF04N260724RL,DUAL HEAD LAMP RELAY,910.67,1,3,10.0,0.0001,0.0,0.001,0.0002
924,923,ZF04N262035IC,IGNITION COIL,26967.72,1,2,20.0,0.0002,0.0,0.0005,0.0002
925,924,ZF04N651897TG,ROTOR_SAFARI STROME 4x4,26912.5,1,2,12.0,0.0002,0.0,0.0005,0.0002
926,925,ZF047098017GM,REAR BR. ASSLY LH(H40/4),19512.48,1,2,15.0,0.0002,0.0,0.0005,0.0002
927,926,ZF04L67479KIT,"MAJOR KIT TMC,IAM GC 1000",18315.96,1,2,60.0,0.0002,0.0,0.0005,0.0002
928,927,ZF047810277GM,MAJOR KIT W/C,17575.04,1,2,67.0,0.0002,0.0,0.0005,0.0002
929,928,ZF04N651977TG,ROTOR ENDEA_VOUR 3rd GEN FRT,13539.08,1,2,4.0,0.0001,0.0,0.0005,0.0002
930,929,ZF04L921057GM,Auto Adjuster LH,7798.860000000001,1,2,41.0,0.0001,0.0,0.0005,0.0002
931,930,ZF041008687GM,Service kit; Pads Toyota 130L BEAM,7527.34,1,2,4.0,0.0001,0.0,0.0005,0.0002
932,931,ZF86AB70547GM,MAJOR KIT W/C(J28/100),6945.1900000000005,1,2,25.0,0.0001,0.0,0.0005,0.0002
933,932,ZF04N25255AFL,A/F Maximo,5708.26,1,2,75.0,0.0001,0.0,0.0005,0.0002
934,933,ZF04N37384AFL,AIR FILTER BREZZA,5677.46,1,2,54.0,0.0001,0.0,0.0005,0.0002
935,934,ZF04N602477TC,Brake Pad_Tru Blue CERAMIC,5003.92,1,2,4.0,0.0001,0.0,0.0005,0.0002
936,935,ZF04N503647GM,RADIATOR COOLANT BLUE 5 LTR,4906.4400000000005,1,2,12.0,0.0001,0.0,0.0005,0.0002
937,936,ZF047492827GM,SHOE RETURN SPRING,4602.0,1,2,200.0,0.0001,0.0,0.0005,0.0002
938,937,ZF04N25259AFL,AIR FILTER,3699.3,1,2,50.0,0.0001,0.0,0.0005,0.0002
939,938,ZF04N36721AFL,AIR FILTER CRE_TA DIESEL,3610.8,1,2,30.0,0.0001,0.0,0.0005,0.0001
940,939,ZF04N43140NIL,SEAL SET PISTON 3,2485.08,1,2,20.0,0.0001,0.0,0.0005,0.0001
941,940,ZF04N36719AFL,AIR FILTER AMA_ZE,2223.12,1,2,20.0,0.0001,0.0,0.0005,0.0001
942,941,ZF047141037GM,"CUP, SHOE HOLD DOWN",2147.6,1,2,200.0,0.0001,0.0,0.0005,0.0001
943,942,ZF04L962317TW,PAD  KIT 2W,1871.48,1,2,40.0,0.0001,0.0,0.0005,0.0001
944,943,ZF04L962257TW,PAD  KIT,1871.48,1,2,40.0,0.0001,0.0,0.0005,0.0001
945,944,ZF04L981777TW,PAD  KIT,1871.48,1,2,40.0,0.0001,0.0,0.0005,0.0001
946,945,ZF86AB79087GM,MINOR KIT W/C(EQLNT),1629.1,1,2,36.0,0.0001,0.0,0.0005,0.0001
947,946,ZF04L71208KIT,SERVICE KIT; PRY & SEC.PISTON SET,1239.48,1,2,4.0,0.0001,0.0,0.0005,0.0001
948,947,ZF04N260794RL,DUAL HEAD LAMP RELAY,997.4,1,2,10.0,0.0001,0.0,0.0005,0.0001
949,948,ZF04N236157GM,Front Wheel Seal Oil Seal (33 x 50 x 6),690.3,1,2,50.0,0.0001,0.0,0.0005,0.0001
950,949,ZF047484487GM,KIT SHOE HIOLD DOWN (FR)(J14/50),552.24,1,2,10.0,0.0001,0.0,0.0005,0.0001
951,950,ZF04L719897GM,"SHOE HOLD DOWN KIT, MSIL K10",529.24,1,2,10.0,0.0001,0.0,0.0005,0.0001
952,951,ZF047143367GM,SPRING ADJ. BOLT LH(RH ASSY.),483.22,1,2,45.0,0.0001,0.0,0.0005,0.0001
953,952,ZF04N237127GM,Front Fork Seal (56 x 95 x 8.3),441.79,1,2,12.0,0.0001,0.0,0.0005,0.0001
954,953,ZF047494207GM,RETURN SPRING(M.A),429.52,1,2,20.0,0.0001,0.0,0.0005,0.0001
955,954,ZF047175117GM,"SPRING, SHOE SET(FRONT BR.)",92.04,1,2,10.0,0.0001,0.0,0.0005,0.0001
956,955,ZF86AB74447GM,"MAJOR KIT CALIPER, TWIN POT(OLD)(J67/25)",27749.35,1,1,30.0,0.0002,0.0,0.0,0.0001
957,956,ZF04L901607TW,FRONT FLOATING CALIPER ASSEMBLY Ø28,-12804.48,1,2,-19.0,0.0,0.0,0.0005,0.0001
958,957,ZF047979367GM,RADIATOR COOLANT 5LTR   (Antifreeze),21027.6,1,1,40.0,0.0002,0.0,0.0,0.0001
959,958,ZF04N262445IC,IGNITION COIL,18528.41,1,1,7.0,0.0002,0.0,0.0,0.0001
960,959,ZF047494907GM,RADIATOR COOLANT 5LTR,17133.6,1,1,44.0,0.0002,0.0,0.0,0.0001
961,960,ZF047139637GM,Carrier Assy Frt RH 207,13002.99,1,1,12.0,0.0001,0.0,0.0,0.0001
962,961,ZF04N262215IC,IGNITION COIL,11633.86,1,1,4.0,0.0001,0.0,0.0,0.0001
963,962,ZF04N25447AFL,A/F Kit -Ashok Leyland U truck,11505.0,1,1,5.0,0.0001,0.0,0.0,0.0001
964,963,ZF04N21353AFL,A/F Tata Ace (Elliptical),11328.0,1,1,50.0,0.0001,0.0,0.0,0.0001
965,964,ZF86AB73827GM,MAJOR KIT W/C RR (J55/250),9625.85,1,1,50.0,0.0001,0.0,0.0,0.0001
966,965,ZF047494927GM,RADIATOR COOLANT 3 LTR.,8902.98,1,1,38.0,0.0001,0.0,0.0,0.0001
967,966,ZF86AB78287GM,MAJOR KIT W/C RR. (22.22 mm),8252.92,1,1,20.0,0.0001,0.0,0.0,0.0001
968,967,ZF86AB77247GM,MAJOR KIT W/C(J101/100),8168.55,1,1,25.0,0.0001,0.0,0.0,0.0001
969,968,ZF04L906327TW,SHOE KIT 2W,8053.5,1,1,100.0,0.0001,0.0,0.0,0.0001
970,969,ZF043189697GM,CALIPER ASSEMBLY (R808) RH(H31/2),7902.6,1,1,2.0,0.0001,0.0,0.0,0.0001
971,970,ZF04N336414RL,24V Musical Flasher,7895.62,1,1,116.0,0.0001,0.0,0.0,0.0001
972,971,ZF04N651947TG,ROTOR_HECTOR PETROL RR,7633.18,1,1,4.0,0.0001,0.0,0.0,0.0001
973,972,ZF047144887GM,HOSE REAR BRAKE (368mm),7388.33,1,1,45.0,0.0001,0.0,0.0,0.0001
974,973,ZF04N612845IC,IGNITION COIL,7013.45,1,1,4.0,0.0001,0.0,0.0,0.0001
975,974,ZF04N648547TG,ROTOR_GLOSTER FR,6034.76,1,1,2.0,0.0001,0.0,0.0,0.0001
976,975,ZF04N129237TG,ROTOR (SUMO GRAND XENANA),5708.84,1,1,5.0,0.0001,0.0,0.0,0.0001
977,976,ZF04N543777TG,Rotor Lau_ra I,5602.16,1,1,4.0,0.0001,0.0,0.0,0.0001
978,977,ZF047163267GM,DRUM BRAKE; M&M SCORPIO(P)BR LH,5557.68,1,1,2.0,0.0001,0.0,0.0,0.0001
979,978,ZF04L774547GM,Disc Brake Assy Frt LH,5491.72,1,1,2.0,0.0001,0.0,0.0,0.0001
980,979,ZF04L774557GM,Disc Brake Assy Frt RH,5491.72,1,1,2.0,0.0001,0.0,0.0,0.0001
981,980,ZF04N651967TG,"ROTOR_ARTEON, TIGUAN",5036.12,1,1,2.0,0.0001,0.0,0.0,0.0
982,981,ZF04N311035FP,Fuel Pump Module_Wagon R old,5019.25,1,1,2.0,0.0001,0.0,0.0,0.0
983,982,ZF04N503617GM,RADIATOR COOLANT BLUE 3 LTR,4859.71,1,1,18.0,0.0001,0.0,0.0,0.0
984,983,ZF04N632117TG,ROTOR_SELTOS RR,4798.35,1,1,4.0,0.0001,0.0,0.0,0.0
985,984,ZF047149077GM,W/C FR(k35/25),4793.75,1,1,10.0,0.0001,0.0,0.0,0.0
986,985,ZF047171437GM,HOSE ASSY -MC5 KWSA(745mm),3765.97,1,1,10.0,0.0001,0.0,0.0,0.0
987,986,ZF04N262065IC,IGNITION COIL,3652.45,1,1,2.0,0.0001,0.0,0.0,0.0
988,987,ZF04N264765SS,WHEEL SPEED SENSORS,3604.9,1,1,4.0,0.0001,0.0,0.0,0.0
989,988,ZF04L77483KIT,"CSC ASSY LONGØ23.81 M12, IAM TATA SPACIO",3589.56,1,1,6.0,0.0001,0.0,0.0,0.0
990,989,ZF047737207GM,RADIATOR COOLANT 1 LTR.,3524.07,1,1,30.0,0.0001,0.0,0.0,0.0
991,990,ZF86AB77117GM,MINOR KIT W/C RR.(J97/250),3451.5,1,1,50.0,0.0001,0.0,0.0,0.0
992,991,ZF04N602407TB,Brake Pad_Tru Blue,3431.92,1,1,3.0,0.0001,0.0,0.0,0.0
993,992,ZF04L709897GM,"KIT PAD SPRING KIT, REAR W201",3420.82,1,1,10.0,0.0001,0.0,0.0,0.0
994,993,ZF04L906337TW,SHOE KIT 2W,3221.4,1,1,40.0,0.0001,0.0,0.0,0.0
995,994,ZF04N605377TC,Brake Pad_Tru Blue CERAMIC,3135.5,1,1,2.0,0.0001,0.0,0.0,0.0
996,995,ZF04N43141NIL,CALIPER SEAL KIT,3106.35,1,1,50.0,0.0001,0.0,0.0,0.0
997,996,ZF04N58200KIT,MINOR KIT TMC BOLERO (Ø23.81),3068.0,1,1,20.0,0.0001,0.0,0.0,0.0
998,997,ZF04N262225IC,IGNITION COIL,3034.25,1,1,2.0,0.0001,0.0,0.0,0.0
999,998,ZF04N43139NIL,CALIPER SEAL KIT,2914.6,1,1,100.0,0.0001,0.0,0.0,0.0
1000,999,ZF04N244297TG,IAM BRAKE DISC VW JETTA TYPE I DIESEL,2914.6,1,1,2.0,0.0001,0.0,0.0,0.0
1001,1000,ZF04N606515IC,IGNITION COIL Ven_ue,2805.69,1,1,2.0,0.0001,0.0,0.0,0.0
1002,1001,ZF04N606515IC,IGNITION COIL ECO SPORTS,2805.69,1,1,2.0,0.0001,0.0,0.0,0.0
1003,1002,ZF04N598797TC,Brake Pad_Tru Blue CERAMIC,2784.22,1,1,2.0,0.0001,0.0,0.0,0.0
1004,1003,ZF04N43143NIL,CALIPER SEAL KIT,2761.2,1,1,100.0,0.0001,0.0,0.0,0.0
1005,1004,ZF047484447GM,MAJOR KIT W/C REAR,2607.8,1,1,10.0,0.0001,0.0,0.0,0.0
1006,1005,ZF047484417GM,MAJOR KIT W/C FRONT,2607.8,1,1,10.0,0.0001,0.0,0.0,0.0
1007,1006,ZF04N264385SA,ELECTRONIC REGULATORS,2580.96,1,1,5.0,0.0001,0.0,0.0,0.0
1008,1007,ZF04N22285AFL,AIR FILTER MARUTI VAN,2472.34,1,1,24.0,0.0001,0.0,0.0,0.0
1009,1008,ZF04N651917TG,ROTOR_VERNA RR,2468.21,1,1,2.0,0.0001,0.0,0.0,0.0
1010,1009,ZF04N244197TG,IAM BRAKE DISC TOYOTA COROLLA,2394.57,1,1,2.0,0.0001,0.0,0.0,0.0
1011,1010,ZF04L82048KIT,CMC Major Kit KIT272,2377.7,1,1,10.0,0.0001,0.0,0.0,0.0
1012,1011,ZF04N643397TG,ROTOR_I20 (PETROL),2331.68,1,1,2.0,0.0001,0.0,0.0,0.0
1013,1012,ZF04N263475FP,IN-TANK FUEL PUMP,2321.71,1,1,1.0,0.0001,0.0,0.0,0.0
1014,1013,ZF043189237GM,RR BRAKE ASSY RH(H22/4),2305.6,1,1,1.0,0.0001,0.0,0.0,0.0
1015,1014,ZF04N261955IC,IGNITION COIL,2258.05,1,1,2.0,0.0001,0.0,0.0,0.0
1016,1015,ZF04N264935SS,WHEEL SPEED SENSORS,2230.44,1,1,4.0,0.0001,0.0,0.0,0.0
1017,1016,ZF047167947GM,REAR BRAKE ASSLY LH,1919.03,1,1,2.0,0.0001,0.0,0.0,0.0
1018,1017,ZF04N155517TG,ROTOR (Skod_A Octavi_a Rr),1687.4,1,1,2.0,0.0001,0.0,0.0,0.0
1019,1018,ZF04N261785IC,IGNITION COIL,1512.51,1,1,10.0,0.0001,0.0,0.0,0.0
1020,1019,ZF04N602897TC,Brake Pad_Tru Blue CERAMIC,1493.35,1,1,1.0,0.0001,0.0,0.0,0.0
1021,1020,ZF04N604777TC,Brake Pad_Tru Blue CERAMIC,1480.31,1,1,2.0,0.0001,0.0,0.0,0.0
1022,1021,ZF04N257667TW,Damper Unicorn,1476.48,1,1,25.0,0.0001,0.0,0.0,0.0
1023,1022,ZF047163477GM,STRUT (REAR),1457.3,1,1,50.0,0.0001,0.0,0.0,0.0
1024,1023,ZF04N602917TC,Brake Pad_Tru Blue CERAMIC,1423.55,1,1,1.0,0.0001,0.0,0.0,0.0
1025,1024,ZF047816987GM,W/C Minor KIT(J20/250),1411.28,1,1,20.0,0.0001,0.0,0.0,0.0
1026,1025,ZF04N21029AFL,"A/F GC-1000,BAJAJ 3W",1401.84,1,1,24.0,0.0001,0.0,0.0,0.0
1027,1026,ZF04L69673KIT,"CMC  ASSEMBLY, IAM FML CMC",1303.9,1,1,2.0,0.0001,0.0,0.0,0.0
1028,1027,ZF04N43134AFL,AIR FILTER- HONDA ACTIVA 3G 4G 5G,1302.72,1,1,20.0,0.0001,0.0,0.0,0.0
1029,1028,ZF04N25258AFL,A/F WagnoR K series,1231.92,1,1,20.0,0.0001,0.0,0.0,0.0
1030,1029,ZF04N50858AFL,"AIR FILTER, MnM XUV 300 BS4 & 6",1208.56,1,1,6.0,0.0001,0.0,0.0,0.0
1031,1030,ZF04L67481KIT,MAJOR KIT TMC,1205.72,1,1,3.0,0.0001,0.0,0.0,0.0
1032,1031,ZF86AB74277GM,MINOR KIT W/C(J64/250),1173.51,1,1,10.0,0.0001,0.0,0.0,0.0
1033,1032,ZF04L981807TW,PAD  KIT,1169.68,1,1,25.0,0.0001,0.0,0.0,0.0
1034,1033,ZF04L981897TW,PAD  KIT,1169.67,1,1,25.0,0.0001,0.0,0.0,0.0
1035,1034,ZF04N265135SS,WHEEL SPEED SENSORS,1152.03,1,1,1.0,0.0001,0.0,0.0,0.0
1036,1035,ZF04N222677TG,ROTOR (1000/Esteem)/Zen D),1150.5,1,1,2.0,0.0001,0.0,0.0,0.0
1037,1036,ZF04N263305FP,IN-TANK FUEL PUMP,1140.9,1,1,1.0,0.0001,0.0,0.0,0.0
1038,1037,ZF04N265125SS,WHEEL SPEED SENSORS,1046.95,1,1,1.0,0.0001,0.0,0.0,0.0
1039,1038,ZF043183247GM,PIN,1043.12,1,1,20.0,0.0001,0.0,0.0,0.0
1040,1039,ZF043182917GM,STRUT SUB ASSLY RH(A.A),1027.78,1,1,10.0,0.0001,0.0,0.0,0.0
1041,1040,ZF04N265115SS,WHEEL SPEED SENSORS,1001.7,1,1,2.0,0.0001,0.0,0.0,0.0
1042,1041,ZF04N25278AFL,A/F Innova,991.2,1,1,5.0,0.0001,0.0,0.0,0.0
1043,1042,ZF04L71196KIT,MINOR KIT TMC,938.8,1,1,3.0,0.0001,0.0,0.0,0.0
1044,1043,ZF04N58199KIT,"MAJOR TMC KIT, BOLERO (Ø23.81)",928.07,1,1,2.0,0.0001,0.0,0.0,0.0
1045,1044,ZF86AB72887GM,LINING KIT STD.NON ASB,908.13,1,1,2.0,0.0001,0.0,0.0,0.0
1046,1045,ZF04N260744RL,DUAL HEAD LAMP RELAY,906.6,1,1,2.0,0.0001,0.0,0.0,0.0
1047,1046,ZF04N264995SS,WHEEL SPEED SENSORS,902.0,1,1,1.0,0.0001,0.0,0.0,0.0
1048,1047,ZF04N260714RL,DUAL HEAD LAMP RELAY,851.37,1,1,6.0,0.0001,0.0,0.0,0.0
1049,1048,ZF04N264795SS,WHEEL SPEED SENSORS,825.3,1,1,2.0,0.0001,0.0,0.0,0.0
1050,1049,ZF04N18361AFL,A/F Scorpio BSII,792.96,1,1,8.0,0.0001,0.0,0.0,0.0
1051,1050,ZF04N239897GM,Cubota Make Bellow,790.01,1,1,10.0,0.0001,0.0,0.0,0.0
1052,1051,ZF04N603927TB,Brake Pad_Tru Blue,779.28,1,1,1.0,0.0001,0.0,0.0,0.0
1053,1052,ZF04N25474AFL,A/F Honda Activa New,743.4,1,1,20.0,0.0001,0.0,0.0,0.0
1054,1053,ZF04N25253AFL,AIR FILTER,658.44,1,1,10.0,0.0001,0.0,0.0,0.0
1055,1054,ZF04N36761AFL,AIR FILTER AMA_ZE NEW MODEL,601.8,1,1,5.0,0.0001,0.0,0.0,0.0
1056,1055,ZF047171017GM,BACK PLATE ASSY LH,582.15,1,1,1.0,0.0001,0.0,0.0,0.0
1057,1056,ZF04L972727TW,PAD  KIT,521.56,1,1,10.0,0.0001,0.0,0.0,0.0
1058,1057,ZF04L774607GM,Caliper Kit Minor,513.89,1,1,2.0,0.0001,0.0,0.0,0.0
1059,1058,ZF047164107GM,HND BRAKE LEVER LH,506.22,1,1,5.0,0.0001,0.0,0.0,0.0
1060,1059,ZF04N301737GM,Engine Support Seal (Big),498.55,1,1,25.0,0.0001,0.0,0.0,0.0
1061,1060,ZF043183637GM,PAWL,490.88,1,1,20.0,0.0001,0.0,0.0,0.0
1062,1061,ZF043188937GM,AUTO ADJUST. SUB ASSLY LH RAUS R PUNCH,489.35,1,1,2.0,0.0001,0.0,0.0,0.0
1063,1062,ZF04N239907GM,ENGINE BELLOW (Big Bellow),478.61,1,1,6.0,0.0001,0.0,0.0,0.0
1064,1063,ZF04N260754RL,DUAL HEAD LAMP RELAY,457.14,1,1,2.0,0.0001,0.0,0.0,0.0
1065,1064,ZF04N239827GM,Oil Guage Stick (Dip Regular),429.52,1,1,20.0,0.0001,0.0,0.0,0.0
1066,1065,ZF047145127GM,HOSE REAR BRAKE (264mm),283.79,1,1,2.0,0.0001,0.0,0.0,0.0
1067,1066,ZF04N50870AFL,"AIR FILTER, INNO_VA CRYS_TA",257.0,1,1,2.0,0.0001,0.0,0.0,0.0
1068,1067,ZF04N237167GM,Front Axle Oil Seal (26 x 33 x 4),249.28,1,1,25.0,0.0001,0.0,0.0,0.0
1069,1068,ZF047144047GM,STRUT SPRING LH,245.44,1,1,10.0,0.0001,0.0,0.0,0.0
1070,1069,ZF047145117GM,HOSE FRONT BRAKE (388mm),187.14,1,1,1.0,0.0001,0.0,0.0,0.0
1071,1070,ZF047484477GM,KIT SHOE HIOLD DOWN RR(J13/250),113.52,1,1,2.0,0.0001,0.0,0.0,0.0
1072,1071,ZF043184157GM,PLUG,95.82,1,1,10.0,0.0001,0.0,0.0,0.0
1073,1072,ZF047163497GM,STRUT FRONT,61.36,1,1,2.0,0.0001,0.0,0.0,0.0
1074,1073,ZF04N263285FP,IN-TANK FUEL PUMP,-981.76,1,1,-1.0,0.0001,0.0,0.0,0.0
1075,1074,ZF04N311045FP,Fuel Pump Module_Wagon R k10,-3055.72,1,1,-1.0,0.0001,0.0,0.0,0.0
